fecha,viajes,es_fin_de_semana,es_dia_laboral,es_feriado,mes,semana_anio,dia_anio,temperatura
2021-01-01,22591,0,1,1,1,53,1,25.095522991689723
2021-01-02,73252,1,0,0,1,53,2,24.16839408225996
2021-01-03,41610,1,0,0,1,53,3,25.37032834630293
2021-01-04,166811,0,1,0,1,1,4,26.70400474531086
2021-01-05,170293,0,1,0,1,1,5,24.086547613258453
2021-01-06,171605,0,1,0,1,1,6,24.102537819727843
2021-01-07,174010,0,1,0,1,1,7,26.83617119243852
2021-01-08,173757,0,1,0,1,1,8,25.629751878594607
2021-01-09,92191,1,0,0,1,1,9,23.783271790342088
2021-01-10,42910,1,0,0,1,1,10,25.307840155296415
2021-01-11,139277,0,1,0,1,2,11,23.803021476620433
2021-01-12,177482,0,1,0,1,2,12,23.801331287534136
2021-01-13,174625,0,1,0,1,2,13,24.86227667658695
2021-01-14,173630,0,1,0,1,2,14,21.62644987851216
2021-01-15,167617,0,1,0,1,2,15,21.903660975910718
2021-01-16,87824,1,0,0,1,2,16,23.639905993061678
2021-01-17,47261,1,0,0,1,2,17,22.954024533531726
2021-01-18,170201,0,1,0,1,3,18,24.932213487698494
2021-01-19,172754,0,1,0,1,3,19,23.084018680857497
2021-01-20,174099,0,1,0,1,3,20,22.3104569599447
2021-01-21,171361,0,1,0,1,3,21,26.607893875241054
2021-01-22,174944,0,1,0,1,3,22,24.048920748980837
2021-01-23,92150,1,0,0,1,3,23,24.464704722871744
2021-01-24,43264,1,0,0,1,3,24,22.199787253843734
2021-01-25,150555,0,1,0,1,4,25,23.49151031827117
2021-01-26,164907,0,1,0,1,4,26,24.44332945759729
2021-01-27,174307,0,1,0,1,4,27,22.51701189805906
2021-01-28,178300,0,1,0,1,4,28,24.771311416031697
2021-01-29,174525,0,1,0,1,4,29,23.268784501020164
2021-01-30,80474,1,0,0,1,4,30,23.69190734835365
2021-01-31,41251,1,0,0,1,4,31,23.184332721753275
2021-04-01,131542,0,1,0,4,13,91,26.820506423886773
2021-04-02,74403,0,1,1,4,13,92,23.97480493325655
2021-04-03,47176,1,0,0,4,13,93,22.359225054869984
2021-04-04,60044,1,0,0,4,13,94,25.128143145699532
2021-04-05,248535,0,1,0,4,14,95,22.009403533518615
2021-04-06,252618,0,1,0,4,14,96,24.09813243326086
2021-04-07,245038,0,1,0,4,14,97,20.787341232777813
2021-04-08,257530,0,1,0,4,14,98,21.674435252531627
2021-04-09,206146,0,1,0,4,14,99,23.899750434839632
2021-04-10,85527,1,0,0,4,14,100,24.6477975017814
2021-04-11,47012,1,0,0,4,14,101,23.73070297145953
2021-04-12,209256,0,1,0,4,15,102,23.23166460081693
2021-04-13,213495,0,1,0,4,15,103,22.882921814614683
2021-04-14,210049,0,1,0,4,15,104,21.04420947327337
2021-04-15,211256,0,1,0,4,15,105,22.107637522757035
2021-04-16,204607,0,1,0,4,15,106,22.419875433351596
2021-04-17,85685,1,0,0,4,15,107,24.6179877508957
2021-04-18,36516,1,0,0,4,15,108,23.46726700492025
2021-04-19,179964,0,1,0,4,16,109,20.22490267721683
2021-04-20,192578,0,1,0,4,16,110,23.27132479472191
2021-04-21,193295,0,1,0,4,16,111,22.121448910311848
2021-04-22,194327,0,1,0,4,16,112,21.595725901865404
2021-04-23,195655,0,1,0,4,16,113,23.438849053517373
2021-04-24,84859,1,0,0,4,16,114,23.976275370532694
2021-04-25,38347,1,0,0,4,16,115,23.733380611366197
2021-04-26,187419,0,1,0,4,17,116,20.982589024573738
2021-04-27,198949,0,1,0,4,17,117,21.6808503170806
2021-04-28,197423,0,1,0,4,17,118,22.543144962201165
2021-04-29,197725,0,1,0,4,17,119,23.409504966499668
2021-04-30,200345,0,1,0,4,17,120,21.125749556940335
2021-05-01,44671,1,0,1,5,17,121,21.462762392676957
2021-05-02,35152,1,0,0,5,17,122,19.97693524488347
2021-05-03,166604,0,1,0,5,18,123,19.73579258064567
2021-05-04,178007,0,1,0,5,18,124,22.64106553329792
2021-05-05,182678,0,1,0,5,18,125,23.347352548655614
2021-05-06,184900,0,1,0,5,18,126,21.094266835969286
2021-05-07,186453,0,1,0,5,18,127,22.595477490072632
2021-05-08,92527,1,0,0,5,18,128,21.519168136852866
2021-05-09,37623,1,0,0,5,18,129,19.894243876417523
2021-05-10,185834,0,1,0,5,19,130,21.287933793558086
2021-05-11,189469,0,1,0,5,19,131,22.935553977825776
2021-05-12,192686,0,1,0,5,19,132,20.45619544890128
2021-05-13,193854,0,1,0,5,19,133,22.73714714059053
2021-05-14,195194,0,1,0,5,19,134,16.339658405256294
2021-05-15,93326,1,0,0,5,19,135,21.380107304630506
2021-05-16,40099,1,0,0,5,19,136,20.154720877161218
2021-05-17,186651,0,1,0,5,20,137,19.45149169405763
2021-05-18,185690,0,1,0,5,20,138,19.912488835328222
2021-05-19,189731,0,1,0,5,20,139,16.667368841350395
2021-05-20,195399,0,1,0,5,20,140,19.19215588987545
2021-05-21,194645,0,1,0,5,20,141,19.929378703105762
2021-05-22,40290,1,0,0,5,20,142,21.48173956847814
2021-05-23,18617,1,0,0,5,20,143,18.357862530385773
2021-05-24,34113,0,1,0,5,21,144,17.79211592314683
2021-05-25,28075,0,1,1,5,21,145,18.12106698881112
2021-05-26,124391,0,1,0,5,21,146,20.11494857814684
2021-05-27,126096,0,1,0,5,21,147,19.10245060631358
2021-05-28,131501,0,1,0,5,21,148,17.681537138196926
2021-05-29,55522,1,0,0,5,21,149,19.112346511514932
2021-05-30,25434,1,0,0,5,21,150,18.35378364754043
2021-05-31,172706,0,1,0,5,22,151,19.526350604147947
2021-06-01,182799,0,1,0,6,22,152,16.88505304498847
2021-06-02,191431,0,1,0,6,22,153,17.310962883611484
2021-06-03,196409,0,1,0,6,22,154,17.078231345660765
2021-06-04,197445,0,1,0,6,22,155,15.334712997422473
2021-06-05,66499,1,0,0,6,22,156,17.837452472570426
2021-06-06,36091,1,0,0,6,22,157,17.647876906807426
2021-06-07,195583,0,1,0,6,23,158,17.126762018831393
2021-06-08,199321,0,1,0,6,23,159,16.629825518863623
2021-06-09,198825,0,1,0,6,23,160,14.721121750960622
2021-06-10,205845,0,1,0,6,23,161,16.075579537669025
2021-06-11,218406,0,1,0,6,23,162,16.054784200319357
2021-06-12,89075,1,0,0,6,23,163,15.227728121058068
2021-06-13,42675,1,0,0,6,23,164,16.05152391068393
2021-06-14,206135,0,1,0,6,24,165,16.761898421185563
2021-06-15,213717,0,1,0,6,24,166,18.847572632889452
2021-06-16,211797,0,1,0,6,24,167,16.142774885380053
2021-06-17,220318,0,1,0,6,24,168,16.13003158754655
2021-06-18,249306,0,1,0,6,24,169,15.495059069377193
2021-06-19,110048,1,0,0,6,24,170,12.591857757430791
2021-06-20,47284,1,0,1,6,24,171,15.293835611467179
2021-06-21,54587,0,1,1,6,25,172,15.287889211403408
2021-06-22,222313,0,1,0,6,25,173,18.75673048292343
2021-06-23,220936,0,1,0,6,25,174,14.638075434479708
2021-06-24,223145,0,1,0,6,25,175,15.244153689982051
2021-06-25,235889,0,1,0,6,25,176,14.60548698359724
2021-06-26,114801,1,0,0,6,25,177,12.770805499723219
2021-06-27,46554,1,0,0,6,25,178,16.104910279948474
2021-06-28,218515,0,1,0,6,26,179,15.386054147436433
2021-06-29,218861,0,1,0,6,26,180,15.31284536637665
2021-06-30,224631,0,1,0,6,26,181,12.631062490321277
2021-07-01,235549,0,1,0,7,26,182,15.968923608607907
2021-07-02,246767,0,1,0,7,26,183,11.632324904445712
2021-07-03,129240,1,0,0,7,26,184,14.486575794862267
2021-07-04,61534,1,0,0,7,26,185,16.76401971708325
2021-07-05,239896,0,1,0,7,27,186,11.865473299052235
2021-07-06,250522,0,1,0,7,27,187,12.375705735070873
2021-07-07,240984,0,1,0,7,27,188,13.249474327875031
2021-07-08,281685,0,1,0,7,27,189,12.22063624402174
2021-07-09,99612,0,1,1,7,27,190,10.526751305333129
2021-07-10,136827,1,0,0,7,27,191,12.83356840081813
2021-07-11,65784,1,0,0,7,27,192,11.01636277254132
2021-07-12,245846,0,1,0,7,28,193,13.200454138386569
2021-07-13,266185,0,1,0,7,28,194,10.992364520522475
2021-07-14,268346,0,1,0,7,28,195,14.579061222230843
2021-07-15,283388,0,1,0,7,28,196,10.96319655317044
2021-07-16,293985,0,1,0,7,28,197,11.540193626410078
2021-07-17,160809,1,0,0,7,28,198,13.130097682819908
2021-07-18,78327,1,0,0,7,28,199,9.95142150700928
2021-07-19,257881,0,1,0,7,29,200,12.028197396106812
2021-07-20,283477,0,1,0,7,29,201,13.53843733171702
2021-07-21,273764,0,1,0,7,29,202,9.058672631391484
2021-07-22,279021,0,1,0,7,29,203,11.640513081905949
2021-07-23,287974,0,1,0,7,29,204,11.648573333699956
2021-07-24,157484,1,0,0,7,29,205,12.3282233939577
2021-07-25,76720,1,0,0,7,29,206,9.198386657866749
2021-07-26,268018,0,1,0,7,30,207,8.97306526527777
2021-07-27,275516,0,1,0,7,30,208,11.638243467567927
2021-07-28,283345,0,1,0,7,30,209,11.204061700442086
2021-07-29,281449,0,1,0,7,30,210,11.039278842826914
2021-07-30,292807,0,1,0,7,30,211,11.089896227456697
2021-07-31,173224,1,0,0,7,30,212,9.458628297376197
2021-08-01,94319,1,0,0,8,30,213,10.737271643417163
2021-08-02,288612,0,1,0,8,31,214,10.740536379011697
2021-08-03,298875,0,1,0,8,31,215,9.143274032330734
2021-08-04,307360,0,1,0,8,31,216,12.929198856456212
2021-08-05,332751,0,1,0,8,31,217,10.758909810800123
2021-08-06,324455,0,1,0,8,31,218,8.1807403426287
2021-08-07,219865,1,0,0,8,31,219,10.87399682315947
2021-08-08,66190,1,0,0,8,31,220,8.350573659309926
2021-08-09,290758,0,1,0,8,32,221,10.91863444678917
2021-08-10,331384,0,1,0,8,32,222,11.40331601051249
2021-08-11,341001,0,1,0,8,32,223,8.363839498073142
2021-08-12,343907,0,1,0,8,32,224,10.971413644191909
2021-08-13,355112,0,1,0,8,32,225,10.079073758616463
2021-08-14,202259,1,0,0,8,32,226,10.628631658955792
2021-08-15,118891,1,0,0,8,32,227,12.17847514810165
2021-08-16,111501,0,1,0,8,33,228,8.905071407398221
2021-08-17,351190,0,1,1,8,33,229,8.084558712710036
2021-08-18,390095,0,1,0,8,33,230,7.825059347086569
2021-08-19,351138,0,1,0,8,33,231,7.881958795007096
2021-08-20,372148,0,1,0,8,33,232,8.93855598757501
2021-08-21,192450,1,0,0,8,33,233,9.516677191861513
2021-08-22,106640,1,0,0,8,33,234,9.372947051871664
2021-08-23,351174,0,1,0,8,34,235,10.153882233456663
2021-08-24,367606,0,1,0,8,34,236,8.890054864773296
2021-08-25,364195,0,1,0,8,34,237,11.010558579837603
2021-08-26,372449,0,1,0,8,34,238,8.395250361629877
2021-08-27,391532,0,1,0,8,34,239,12.836751485691913
2021-08-28,201328,1,0,0,8,34,240,9.66155544861502
2021-08-29,107891,1,0,0,8,34,241,7.40617926031663
2021-08-30,354541,0,1,0,8,35,242,7.056751719744411
2021-08-31,373144,0,1,0,8,35,243,9.360296207024922
2021-09-01,364885,0,1,0,9,35,244,8.27722062230058
2021-09-02,375856,0,1,0,9,35,245,9.661580019279414
2021-09-03,412466,0,1,0,9,35,246,9.28094392491268
2021-09-04,210428,1,0,0,9,35,247,8.444701836875376
2021-09-05,110936,1,0,0,9,35,248,7.268966934091814
2021-09-06,392690,0,1,0,9,36,249,6.2544579489378425
2021-09-07,374723,0,1,0,9,36,250,7.84689028497633
2021-09-08,363378,0,1,0,9,36,251,9.79356046680494
2021-09-09,413073,0,1,0,9,36,252,8.824770370696447
2021-09-10,437618,0,1,0,9,36,253,6.632058562694115
2021-09-11,217961,1,0,0,9,36,254,8.759845470887253
2021-09-12,344,1,0,0,9,36,255,9.079828053754127
2021-09-13,395050,0,1,0,9,37,256,7.180213755780834
2021-09-14,428281,0,1,0,9,37,257,8.743104289673777
2021-09-15,435924,0,1,0,9,37,258,8.608713292803756
2021-09-16,433185,0,1,0,9,37,259,6.818192584076633
2021-09-17,460705,0,1,0,9,37,260,9.08293778537081
2021-09-18,243218,1,0,0,9,37,261,9.403399114208893
2021-09-19,127367,1,0,0,9,37,262,10.205116904064091
2021-09-20,422389,0,1,0,9,38,263,10.181907538900465
2021-09-21,459751,0,1,0,9,38,264,6.557705414047625
2021-09-22,441532,0,1,0,9,38,265,7.242810677954442
2021-09-23,453838,0,1,0,9,38,266,9.449766168767736
2021-09-24,471728,0,1,0,9,38,267,9.477875284988949
2021-09-25,236156,1,0,0,9,38,268,9.512060154647015
2021-09-26,136840,1,0,0,9,38,269,14.553177734743242
2021-09-27,416293,0,1,0,9,39,270,9.667297495061344
2021-09-28,445680,0,1,0,9,39,271,10.553469847535652
2021-09-29,457249,0,1,0,9,39,272,10.322550514878575
2021-09-30,443162,0,1,0,9,39,273,9.912315777541554
2021-10-01,489306,0,1,0,10,39,274,8.50824766950432
2021-10-02,234540,1,0,0,10,39,275,10.167756000156501
2021-10-03,136535,1,0,0,10,39,276,7.9204287095600705
2021-10-04,461101,0,1,0,10,40,277,8.777001788156909
2021-10-05,502674,0,1,0,10,40,278,8.458930772773675
2021-10-06,517150,0,1,0,10,40,279,9.366700706658394
2021-10-07,554937,0,1,0,10,40,280,12.774940892792317
2021-10-08,233215,0,1,0,10,40,281,6.563251439435988
2021-10-09,285950,1,0,0,10,40,282,10.456850206014861
2021-10-10,166251,1,0,0,10,40,283,7.073792552061577
2021-10-11,140524,0,1,0,10,41,284,8.852451363479073
2021-10-12,505222,0,1,1,10,41,285,11.263314229244626
2021-10-13,509058,0,1,0,10,41,286,9.797883296422974
2021-10-14,543899,0,1,0,10,41,287,8.158435588030214
2021-10-15,543784,0,1,0,10,41,288,8.777679425183585
2021-10-16,289920,1,0,0,10,41,289,10.947584196982696
2021-10-17,166547,1,0,0,10,41,290,8.912137580365407
2021-10-18,524950,0,1,0,10,42,291,10.413799178975546
2021-10-19,517171,0,1,0,10,42,292,10.240792505801501
2021-10-20,530421,0,1,0,10,42,293,9.280232670025066
2021-10-21,535094,0,1,0,10,42,294,13.560597518916484
2021-10-22,529583,0,1,0,10,42,295,11.384432065648516
2021-10-23,285195,1,0,0,10,42,296,7.486509418441148
2021-10-24,156744,1,0,0,10,42,297,10.896345288442255
2021-10-25,504475,0,1,0,10,43,298,9.718167996480119
2021-10-26,534310,0,1,0,10,43,299,12.085397023940136
2021-10-27,523705,0,1,0,10,43,300,9.715552275937773
2021-10-28,546957,0,1,0,10,43,301,10.831473200010311
2021-10-29,531916,0,1,0,10,43,302,11.86193196780712
2021-10-30,219492,1,0,0,10,43,303,12.50555584531695
2021-10-31,139854,1,0,0,10,43,304,9.510518901136482
2021-11-01,517192,0,1,0,11,44,305,10.914789739117158
2021-11-02,532796,0,1,0,11,44,306,10.811208045731622
2021-11-03,556172,0,1,0,11,44,307,10.65219119021842
2021-11-04,583581,0,1,0,11,44,308,14.390367864735534
2021-11-05,584356,0,1,0,11,44,309,12.461070378811023
2021-11-06,406513,1,0,0,11,44,310,10.075060018168486
2021-11-07,165662,1,0,0,11,44,311,13.457310415241201
2021-11-08,551843,0,1,0,11,45,312,15.379192923212557
2021-11-09,568839,0,1,0,11,45,313,13.861373031902318
2021-11-10,582403,0,1,0,11,45,314,10.151577500252145
2021-11-11,593301,0,1,0,11,45,315,11.823444489420803
2021-11-12,583700,0,1,0,11,45,316,14.570496002853627
2021-11-13,296286,1,0,0,11,45,317,11.73009363434902
2021-11-15,541585,0,1,0,11,46,319,13.579894408296058
2021-11-16,550610,0,1,0,11,46,320,14.199746339740551
2021-11-17,628131,0,1,0,11,46,321,11.772055471734339
2021-11-18,607701,0,1,0,11,46,322,13.19880805225951
2021-11-19,595983,0,1,0,11,46,323,8.55279173994753
2021-11-20,297835,1,0,0,11,46,324,12.00562219487318
2021-11-21,169194,1,0,0,11,46,325,13.291738795499281
2021-11-22,157741,0,1,1,11,47,326,11.928142030299817
2021-11-23,630798,0,1,0,11,47,327,16.37845966235853
2021-11-24,595758,0,1,0,11,47,328,11.915418135808736
2021-11-25,590460,0,1,0,11,47,329,13.532073806909647
2021-11-26,607526,0,1,0,11,47,330,14.520445605656295
2021-11-27,307399,1,0,0,11,47,331,16.61908357266967
2021-11-28,105041,1,0,0,11,47,332,12.43682464518324
2021-11-29,553647,0,1,0,11,48,333,16.469373524199106
2021-11-30,588403,0,1,0,11,48,334,14.874513592580426
2021-12-01,607090,0,1,0,12,48,335,13.521923344682122
2021-12-02,640508,0,1,0,12,48,336,15.822810057943084
2021-12-03,627032,0,1,0,12,48,337,15.564118978045956
2021-12-04,392736,1,0,0,12,48,338,14.501444507355687
2021-12-05,170503,1,0,0,12,48,339,15.643038768290205
2021-12-06,625404,0,1,0,12,49,340,15.097216025127876
2021-12-07,691867,0,1,0,12,49,341,15.982557627977299
2021-12-08,225402,0,1,1,12,49,342,16.942776597363004
2021-12-09,682936,0,1,0,12,49,343,18.466067886431997
2021-12-10,696384,0,1,0,12,49,344,14.36790385877776
2021-12-11,382122,1,0,0,12,49,345,19.561843212737717
2021-12-12,160835,1,0,0,12,49,346,13.57186830071625
2021-12-13,634911,0,1,0,12,50,347,16.4100292066933
2021-12-14,642830,0,1,0,12,50,348,17.657848702708836
2021-12-15,655282,0,1,0,12,50,349,17.33444513938857
2021-12-16,665119,0,1,0,12,50,350,16.11637013468767
2021-12-17,674747,0,1,0,12,50,351,16.875535014363656
2021-12-18,406915,1,0,0,12,50,352,16.58531217759123
2021-12-19,211377,1,0,0,12,50,353,16.5776172237785
2021-12-20,713058,0,1,0,12,51,354,18.872633322437654
2021-12-21,672157,0,1,0,12,51,355,18.269993794261822
2021-12-22,661893,0,1,0,12,51,356,16.830980760560838
2021-12-23,600021,0,1,0,12,51,357,19.35521349189583
2021-12-24,211728,0,1,0,12,51,358,18.601785280263865
2021-12-25,71375,1,0,1,12,51,359,19.494665282291763
2021-12-26,135889,1,0,0,12,51,360,19.353825390933014
2021-12-27,476841,0,1,0,12,52,361,17.29933384454639
2021-12-28,482821,0,1,0,12,52,362,17.83539369997738
2021-12-29,455009,0,1,0,12,52,363,19.92879987072976
2021-12-30,436598,0,1,0,12,52,364,19.8549251954005
2021-12-31,163685,0,1,0,12,52,365,19.03880490259269
2022-01-01,58150,1,0,1,1,52,1,19.37617427171608
2022-01-02,124745,1,0,0,1,52,2,21.24590632109361
2022-01-03,389137,0,1,0,1,1,3,18.57043925987164
2022-01-04,394735,0,1,0,1,1,4,20.40595332170391
2022-01-05,419515,0,1,0,1,1,5,19.408614934996947
2022-01-06,400744,0,1,0,1,1,6,19.511027016057703
2022-01-07,391262,0,1,0,1,1,7,21.610370018384234
2022-01-08,219705,1,0,0,1,1,8,21.323959257405328
2022-01-09,120205,1,0,0,1,1,9,21.428666621223766
2022-01-10,371394,0,1,0,1,2,10,22.288088931657796
2022-01-11,336770,0,1,0,1,2,11,20.481710163728955
2022-01-12,367855,0,1,0,1,2,12,21.59229700775928
2022-01-13,357566,0,1,0,1,2,13,20.221924724034213
2022-01-14,336871,0,1,0,1,2,14,21.29029090103906
2022-01-15,185291,1,0,0,1,2,15,20.724267923789427
2022-01-16,106995,1,0,0,1,2,16,21.179107997818015
2022-01-17,377582,0,1,0,1,3,17,22.03913772578577
2022-01-18,386292,0,1,0,1,3,18,20.0304824708359
2022-01-19,398586,0,1,0,1,3,19,24.506395874449193
2022-01-20,393840,0,1,0,1,3,20,19.967347915277387
2022-01-21,399252,0,1,0,1,3,21,19.762175487939814
2022-01-22,216184,1,0,0,1,3,22,23.426202798529957
2022-01-23,127223,1,0,0,1,3,23,22.980570986882633
2022-01-24,415871,0,1,0,1,4,24,22.831728676241795
2022-01-25,408474,0,1,0,1,4,25,22.93894040168576
2022-01-26,427465,0,1,0,1,4,26,22.077296457142804
2022-01-27,462012,0,1,0,1,4,27,20.84737142102545
2022-01-28,404948,0,1,0,1,4,28,22.402859143657885
2022-01-29,268929,1,0,0,1,4,29,21.367593616443717
2022-01-30,152004,1,0,0,1,4,30,23.938456301699066
2022-01-31,449955,0,1,0,1,5,31,22.34586039557529
2022-02-01,509956,0,1,0,2,5,32,21.417072819882733
2022-02-02,497684,0,1,0,2,5,33,22.260288046086714
2022-02-03,474458,0,1,0,2,5,34,23.446962435467658
2022-02-04,515562,0,1,0,2,5,35,22.065301876191445
2022-02-05,285148,1,0,0,2,5,36,21.758981878709243
2022-02-06,169850,1,0,0,2,5,37,23.43734324365718
2022-02-07,528836,0,1,0,2,6,38,23.516814867589552
2022-02-08,607606,0,1,0,2,6,39,22.464532482019127
2022-02-09,554285,0,1,0,2,6,40,22.59197927379274
2022-02-10,564874,0,1,0,2,6,41,23.718186572242878
2022-02-11,538932,0,1,0,2,6,42,21.267524325590788
2022-02-12,312980,1,0,0,2,6,43,21.395937979589114
2022-02-13,184325,1,0,0,2,6,44,22.494873747668255
2022-02-14,565545,0,1,0,2,7,45,23.315680044108618
2022-02-15,600935,0,1,0,2,7,46,24.163408305614954
2022-02-16,572465,0,1,0,2,7,47,25.969144827845415
2022-02-17,591948,0,1,0,2,7,48,25.0995133402857
2022-02-18,592140,0,1,0,2,7,49,23.627862506787935
2022-02-19,315429,1,0,0,2,7,50,23.89180915677954
2022-02-20,141256,1,0,0,2,7,51,22.466903783626687
2022-02-21,576646,0,1,0,2,8,52,23.991078759546575
2022-02-22,592705,0,1,0,2,8,53,23.631783141036934
2022-02-23,609212,0,1,0,2,8,54,24.592529970868362
2022-02-24,567545,0,1,0,2,8,55,22.90903219740676
2022-02-25,626985,0,1,0,2,8,56,24.968058042340168
2022-02-26,306029,1,0,0,2,8,57,26.525027870742704
2022-02-27,149950,1,0,0,2,8,58,24.097371152126772
2022-02-28,230931,0,1,1,2,9,59,24.89537122452778
2022-03-01,216689,0,1,1,3,9,60,25.358002719611925
2022-03-02,613071,0,1,0,3,9,61,23.74862105434412
2022-03-03,651941,0,1,0,3,9,62,24.71192925673236
2022-03-04,637272,0,1,0,3,9,63,24.41768414032458
2022-03-05,316759,1,0,0,3,9,64,24.56597410852207
2022-03-06,194325,1,0,0,3,9,65,23.27826299956026
2022-03-07,619392,0,1,0,3,10,66,24.49050851654003
2022-03-08,769488,0,1,0,3,10,67,25.214349406045606
2022-03-09,627478,0,1,0,3,10,68,26.655315196557808
2022-03-10,762946,0,1,0,3,10,69,25.926389608372325
2022-03-11,695188,0,1,0,3,10,70,27.7237737761848
2022-03-12,378327,1,0,0,3,10,71,23.347126671507052
2022-03-13,214096,1,0,0,3,10,72,25.808406872970536
2022-03-14,703403,0,1,0,3,11,73,24.774346277845428
2022-03-15,779721,0,1,0,3,11,74,27.78107464532537
2022-03-16,817899,0,1,0,3,11,75,23.27859029664754
2022-03-17,804240,0,1,0,3,11,76,23.223754523651973
2022-03-18,739375,0,1,0,3,11,77,23.574182245867327
2022-03-19,395210,1,0,0,3,11,78,21.274998902340872
2022-03-20,211311,1,0,0,3,11,79,23.657422261618173
2022-03-21,747052,0,1,0,3,12,80,23.29021351961709
2022-03-22,793579,0,1,0,3,12,81,24.635011401573035
2022-03-23,813933,0,1,0,3,12,82,24.90021916337638
2022-03-24,379831,0,1,1,3,12,83,27.17766867466369
2022-03-25,757634,0,1,0,3,12,84,25.762545290442993
2022-03-26,385324,1,0,0,3,12,85,23.442728921565344
2022-03-27,216883,1,0,0,3,12,86,22.929323566009955
2022-03-28,778177,0,1,0,3,13,87,24.981381021452272
2022-03-29,698997,0,1,0,3,13,88,22.227414577982227
2022-03-30,854340,0,1,0,3,13,89,26.916930684679905
2022-03-31,915450,0,1,0,3,13,90,25.898608154125494
2022-04-01,854793,0,1,0,4,13,91,23.383129161940317
2022-04-02,363726,1,0,1,4,13,92,21.472387353487054
2022-04-03,200790,1,0,0,4,13,93,26.02585933161157
2022-04-04,816042,0,1,0,4,14,94,23.77398168042491
2022-04-05,853048,0,1,0,4,14,95,25.751050245504942
2022-04-06,866558,0,1,0,4,14,96,21.449027520283604
2022-04-07,882880,0,1,0,4,14,97,22.88577450632307
2022-04-08,890887,0,1,0,4,14,98,23.734711968174746
2022-04-09,458708,1,0,0,4,14,99,23.737185216526388
2022-04-10,236517,1,0,0,4,14,100,22.92936037381708
2022-04-11,826783,0,1,0,4,15,101,24.474372530309534
2022-04-12,894538,0,1,0,4,15,102,21.87221990560068
2022-04-13,930299,0,1,0,4,15,103,23.19156779686735
2022-04-14,401683,0,1,0,4,15,104,23.51502080556647
2022-04-15,273798,0,1,0,4,15,105,24.03365070991263
2022-04-16,377795,1,0,0,4,15,106,24.25482615248243
2022-04-17,202182,1,0,0,4,15,107,21.42387045203447
2022-04-18,799040,0,1,0,4,16,108,20.731133155463898
2022-04-19,861145,0,1,0,4,16,109,24.868354803415322
2022-04-20,840771,0,1,0,4,16,110,23.36793392823031
2022-04-21,861537,0,1,0,4,16,111,21.66246903579489
2022-04-22,817078,0,1,0,4,16,112,25.025800294220115
2022-04-23,439472,1,0,0,4,16,113,22.784620853763627
2022-04-24,220377,1,0,0,4,16,114,24.29028039635181
2022-04-25,771643,0,1,0,4,17,115,22.531053808903934
2022-04-26,818778,0,1,0,4,17,116,25.42758232001489
2022-04-27,846659,0,1,0,4,17,117,24.874426573072505
2022-04-28,848162,0,1,0,4,17,118,21.771222658138807
2022-04-29,854871,0,1,0,4,17,119,23.503606241527354
2022-04-30,425278,1,0,0,4,17,120,22.91425120019385
2022-05-01,226832,1,0,1,5,17,121,23.897458250006792
2022-05-02,823809,0,1,0,5,18,122,20.29386566680252
2022-05-03,855527,0,1,0,5,18,123,22.665514895890166
2022-05-04,858820,0,1,0,5,18,124,23.11773924704106
2022-05-05,882762,0,1,0,5,18,125,18.784167570071958
2022-05-06,867138,0,1,0,5,18,126,19.538104736800715
2022-05-07,478830,1,0,0,5,18,127,18.143433751699636
2022-05-08,244152,1,0,0,5,18,128,20.686067891567767
2022-05-09,832417,0,1,0,5,19,129,22.053027482975352
2022-05-10,861246,0,1,0,5,19,130,23.11545908646925
2022-05-11,880068,0,1,0,5,19,131,20.856982555925136
2022-05-12,936318,0,1,0,5,19,132,23.071422446483766
2022-05-13,866460,0,1,0,5,19,133,18.439782320243868
2022-05-14,362926,1,0,0,5,19,134,17.835107997836793
2022-05-15,246726,1,0,0,5,19,135,20.185954513045978
2022-05-16,827402,0,1,0,5,20,136,20.723351721476643
2022-05-17,859689,0,1,0,5,20,137,19.975108152662823
2022-05-18,94151,0,1,0,5,20,138,16.79883956969662
2022-05-19,888031,0,1,0,5,20,139,19.64116761125579
2022-05-20,856005,0,1,0,5,20,140,17.692017962494457
2022-05-21,437896,1,0,0,5,20,141,20.526172544876783
2022-05-22,219389,1,0,0,5,20,142,19.94360721498341
2022-05-23,818791,0,1,0,5,21,143,17.855078821874834
2022-05-24,883957,0,1,0,5,21,144,18.364467481791202
2022-05-25,210402,0,1,1,5,21,145,17.416036044653193
2022-05-26,909340,0,1,0,5,21,146,18.779683908278166
2022-05-27,852603,0,1,0,5,21,147,20.17455888234559
2022-05-28,406143,1,0,0,5,21,148,17.13073487232075
2022-05-29,222438,1,0,0,5,21,149,19.232247217124264
2022-05-30,840556,0,1,0,5,22,150,17.547058934286238
2022-05-31,832557,0,1,0,5,22,151,17.018858075124843
2022-06-01,851112,0,1,0,6,22,152,17.912837578416784
2022-06-02,876869,0,1,0,6,22,153,16.385269202175436
2022-06-03,937046,0,1,0,6,22,154,16.971982145487367
2022-06-04,434738,1,0,0,6,22,155,15.869576736475718
2022-06-05,198179,1,0,0,6,22,156,20.47707311899523
2022-06-06,840963,0,1,0,6,23,157,17.44616738493115
2022-06-07,880350,0,1,0,6,23,158,16.206705736548724
2022-06-08,908756,0,1,0,6,23,159,17.440061699969036
2022-06-09,942638,0,1,0,6,23,160,16.8132141443901
2022-06-10,878718,0,1,0,6,23,161,16.512723464736418
2022-06-11,452418,1,0,0,6,23,162,17.627797571882198
2022-06-12,229674,1,0,0,6,23,163,17.705117540180463
2022-06-13,861759,0,1,0,6,24,164,15.635392303474706
2022-06-14,887782,0,1,0,6,24,165,15.429725117215925
2022-06-15,901096,0,1,0,6,24,166,15.74324459023629
2022-06-16,1027586,0,1,0,6,24,167,12.565412033970283
2022-06-17,363859,0,1,0,6,24,168,13.608121572834476
2022-06-18,431753,1,0,0,6,24,169,17.794017402629205
2022-06-19,229942,1,0,0,6,24,170,18.07417951327837
2022-06-20,236912,0,1,1,6,25,171,15.096460521044778
2022-06-21,874866,0,1,1,6,25,172,16.19844186922465
2022-06-22,868471,0,1,0,6,25,173,15.664419128307172
2022-06-23,886252,0,1,0,6,25,174,19.680188526878364
2022-06-24,866755,0,1,0,6,25,175,16.60597924880325
2022-06-25,434772,1,0,0,6,25,176,14.599956289260481
2022-06-26,212553,1,0,0,6,25,177,13.224243977254467
2022-06-27,777961,0,1,0,6,26,178,12.114153075766165
2022-06-28,863457,0,1,0,6,26,179,14.695871511976776
2022-06-29,873255,0,1,0,6,26,180,13.123628480479818
2022-06-30,884169,0,1,0,6,26,181,11.992916881415574
2022-07-01,864438,0,1,0,7,26,182,13.025284346149597
2022-07-02,460611,1,0,0,7,26,183,12.242410136782167
2022-07-03,231391,1,0,0,7,26,184,16.265813951242986
2022-07-04,818673,0,1,0,7,27,185,14.928749789586044
2022-07-05,858865,0,1,0,7,27,186,13.466377316393356
2022-07-06,864567,0,1,0,7,27,187,15.57119399508331
2022-07-07,907414,0,1,0,7,27,188,13.34120479094645
2022-07-08,878748,0,1,0,7,27,189,11.808070978251184
2022-07-09,424240,1,0,1,7,27,190,15.26053584110053
2022-07-10,236207,1,0,0,7,27,191,13.661111517459325
2022-07-11,840864,0,1,0,7,28,192,11.174854707119401
2022-07-12,891583,0,1,0,7,28,193,12.324310326005069
2022-07-13,902914,0,1,0,7,28,194,11.176638112356663
2022-07-14,974507,0,1,0,7,28,195,10.297301275426669
2022-07-15,874812,0,1,0,7,28,196,13.643425936001996
2022-07-16,458559,1,0,0,7,28,197,15.00220145237999
2022-07-17,295806,1,0,0,7,28,198,9.925434539989883
2022-07-18,799709,0,1,0,7,29,199,12.754275711801258
2022-07-19,849987,0,1,0,7,29,200,10.821754127977476
2022-07-20,865138,0,1,0,7,29,201,10.95631941855358
2022-07-21,848470,0,1,0,7,29,202,10.689132313935085
2022-07-22,832354,0,1,0,7,29,203,10.1739113287136
2022-07-23,446827,1,0,0,7,29,204,11.436344736024726
2022-07-24,245339,1,0,0,7,29,205,10.01232396771077
2022-07-25,678627,0,1,0,7,30,206,11.561174324961492
2022-07-26,794724,0,1,0,7,30,207,10.978455560010168
2022-07-27,752440,0,1,0,7,30,208,10.595328114604563
2022-07-28,893451,0,1,0,7,30,209,9.49398562608018
2022-07-29,820093,0,1,0,7,30,210,9.893427694739808
2022-07-30,485341,1,0,0,7,30,211,11.796626406046741
2022-07-31,276810,1,0,0,7,30,212,11.321599694647805
2022-08-01,788149,0,1,0,8,31,213,9.01233251254611
2022-08-02,817061,0,1,0,8,31,214,10.537889555819502
2022-08-03,835982,0,1,0,8,31,215,11.428008354121355
2022-08-04,861194,0,1,0,8,31,216,7.710693237688227
2022-08-05,864491,0,1,0,8,31,217,10.94557737830898
2022-08-06,466592,1,0,0,8,31,218,9.054224791013677
2022-08-07,277163,1,0,0,8,31,219,10.82359359132241
2022-08-08,854886,0,1,0,8,32,220,8.744277675394951
2022-08-09,886734,0,1,0,8,32,221,7.105273013654131
2022-08-10,974971,0,1,0,8,32,222,7.296693884350758
2022-08-11,942584,0,1,0,8,32,223,9.737550061993458
2022-08-12,904156,0,1,0,8,32,224,9.984446728182935
2022-08-13,477942,1,0,0,8,32,225,8.16987451266881
2022-08-14,329874,1,0,0,8,32,226,10.417791056377776
2022-08-15,219091,0,1,0,8,33,227,6.903261325560618
2022-08-16,916410,0,1,0,8,33,228,9.234165976149752
2022-08-17,884126,0,1,1,8,33,229,7.45662928175884
2022-08-18,948575,0,1,0,8,33,230,8.237408797543033
2022-08-19,949086,0,1,0,8,33,231,9.230428998499475
2022-08-20,473885,1,0,0,8,33,232,7.815054174529324
2022-08-21,249086,1,0,0,8,33,233,8.47737523535143
2022-08-22,932942,0,1,0,8,34,234,10.514388443458213
2022-08-23,933106,0,1,0,8,34,235,8.09257304859191
2022-08-24,935460,0,1,0,8,34,236,10.166645528000341
2022-08-25,928807,0,1,0,8,34,237,7.17599174497001
2022-08-26,926258,0,1,0,8,34,238,9.624963730974555
2022-08-27,442121,1,0,0,8,34,239,10.95458854247366
2022-08-28,241239,1,0,0,8,34,240,5.049030985616554
2022-08-29,890077,0,1,0,8,35,241,7.5277115437617965
2022-08-30,926845,0,1,0,8,35,242,9.557523785711867
2022-08-31,918793,0,1,0,8,35,243,8.358522387771592
2022-09-01,912422,0,1,0,9,35,244,9.193306394217107
2022-09-02,541221,0,1,0,9,35,245,7.706437020215627
2022-09-03,462053,1,0,0,9,35,246,8.720463959350626
2022-09-04,262486,1,0,0,9,35,247,8.337571634964243
2022-09-05,908557,0,1,0,9,36,248,10.305618298350396
2022-09-06,953689,0,1,0,9,36,249,8.920788776146239
2022-09-07,958990,0,1,0,9,36,250,9.033132779079443
2022-09-08,969634,0,1,0,9,36,251,7.898847263893162
2022-09-09,935270,0,1,0,9,36,252,7.777552939210992
2022-09-10,483547,1,0,0,9,36,253,7.8547924727717096
2022-09-11,247942,1,0,0,9,36,254,9.092344944329541
2022-09-12,909965,0,1,0,9,37,255,7.868597360880085
2022-09-13,952680,0,1,0,9,37,256,8.93651426950549
2022-09-14,958331,0,1,0,9,37,257,11.61910110805069
2022-09-15,976279,0,1,0,9,37,258,9.819203685903023
2022-09-16,930103,0,1,0,9,37,259,8.032364916882994
2022-09-17,475698,1,0,0,9,37,260,10.334468914068484
2022-09-18,247625,1,0,0,9,37,261,7.934143685316058
2022-09-19,888741,0,1,0,9,38,262,5.505035521889759
2022-09-20,878881,0,1,0,9,38,263,7.068410572925069
2022-09-21,836835,0,1,0,9,38,264,5.795016579309324
2022-09-22,954863,0,1,0,9,38,265,8.0969392399213
2022-09-23,913443,0,1,0,9,38,266,8.677175806611451
2022-09-24,449653,1,0,0,9,38,267,11.191869236367669
2022-09-25,230867,1,0,0,9,38,268,9.197587419266878
2022-09-26,828143,0,1,0,9,39,269,8.410837831974646
2022-09-27,924948,0,1,0,9,39,270,10.018188870536392
2022-09-28,970391,0,1,0,9,39,271,5.494258765509764
2022-09-29,963693,0,1,0,9,39,272,9.203543224427598
2022-09-30,925579,0,1,0,9,39,273,10.047845660469221
2022-10-01,467381,1,0,0,10,39,274,6.7173495319130945
2022-10-02,267756,1,0,0,10,39,275,10.696782601275226
2022-10-03,903850,0,1,0,10,40,276,9.537046780658214
2022-10-04,929550,0,1,0,10,40,277,8.456734660515227
2022-10-05,925319,0,1,0,10,40,278,10.081402497426346
2022-10-06,983715,0,1,0,10,40,279,12.593015381223918
2022-10-07,365590,0,1,0,10,40,280,9.516688880166658
2022-10-08,335554,1,0,0,10,40,281,9.675283922232557
2022-10-09,259756,1,0,0,10,40,282,8.675107879013245
2022-10-10,248391,0,1,0,10,41,283,8.152693366255894
2022-10-11,913630,0,1,0,10,41,284,10.738370083662426
2022-10-12,923177,0,1,1,10,41,285,8.276223423299925
2022-10-13,943022,0,1,0,10,41,286,9.737237689622662
2022-10-14,927822,0,1,0,10,41,287,8.984977097632097
2022-10-15,410127,1,0,0,10,41,288,10.493522493543763
2022-10-16,228601,1,0,0,10,41,289,10.351128147003958
2022-10-17,901979,0,1,0,10,42,290,11.48449748996753
2022-10-18,924282,0,1,0,10,42,291,9.242662929658994
2022-10-19,925296,0,1,0,10,42,292,9.684298891662532
2022-10-20,918037,0,1,0,10,42,293,8.704289172272318
2022-10-21,904438,0,1,0,10,42,294,9.591193301319622
2022-10-22,346199,1,0,0,10,42,295,10.910632124495777
2022-10-23,251495,1,0,0,10,42,296,11.569036457139525
2022-10-24,880640,0,1,0,10,43,297,9.140975312161116
2022-10-25,942864,0,1,0,10,43,298,11.921072696446597
2022-10-26,896632,0,1,0,10,43,299,12.744304481840128
2022-10-27,984535,0,1,0,10,43,300,11.426899376581352
2022-10-28,955172,0,1,0,10,43,301,13.719527102423916
2022-10-29,474684,1,0,0,10,43,302,9.842894063555304
2022-10-30,211446,1,0,0,10,43,303,9.237468994369307
2022-10-31,888138,0,1,0,10,44,304,8.53884268070535
2022-11-01,953446,0,1,0,11,44,305,13.555029978953915
2022-11-02,964013,0,1,0,11,44,306,12.398090077409664
2022-11-03,982932,0,1,0,11,44,307,11.440249006107374
2022-11-04,952948,0,1,0,11,44,308,12.052137978558711
2022-11-05,631433,1,0,0,11,44,309,10.053952933366316
2022-11-06,268218,1,0,0,11,44,310,15.522225781794829
2022-11-07,919584,0,1,0,11,45,311,12.160217722633892
2022-11-08,754970,0,1,0,11,45,312,12.24460968656637
2022-11-09,957080,0,1,0,11,45,313,13.284608563541648
2022-11-10,1029745,0,1,0,11,45,314,13.034188988680672
2022-11-11,916958,0,1,0,11,45,315,12.76645848560185
2022-11-12,475610,1,0,0,11,45,316,11.364083915552198
2022-11-13,219941,1,0,0,11,45,317,13.377331814777692
2022-11-14,847117,0,1,0,11,46,318,15.614634577489745
2022-11-15,952239,0,1,0,11,46,319,14.93229533530918
2022-11-16,896396,0,1,0,11,46,320,15.427575199555626
2022-11-17,948806,0,1,0,11,46,321,12.395627664454691
2022-11-18,913253,0,1,0,11,46,322,11.803688855964344
2022-11-19,438786,1,0,0,11,46,323,13.226012369901666
2022-11-20,212948,1,0,0,11,46,324,13.625791025307661
2022-11-21,216370,0,1,0,11,47,325,15.31187830029545
2022-11-22,861307,0,1,1,11,47,326,11.26111985867486
2022-11-23,875993,0,1,0,11,47,327,16.224168185651997
2022-11-24,931257,0,1,0,11,47,328,13.823618354881205
2022-11-25,900929,0,1,0,11,47,329,13.551818932033996
2022-11-26,385708,1,0,0,11,47,330,12.806178176836898
2022-11-27,219423,1,0,0,11,47,331,11.974888631271853
2022-11-28,838992,0,1,0,11,48,332,15.82537374789527
2022-11-29,796537,0,1,0,11,48,333,14.834604846749277
2022-11-30,760750,0,1,0,11,48,334,12.924222651439456
2022-12-01,864836,0,1,0,12,48,335,13.051568163158622
2022-12-02,939910,0,1,0,12,48,336,14.625977797612984
2022-12-03,437993,1,0,0,12,48,337,17.76906172261983
2022-12-04,231430,1,0,0,12,48,338,15.012382796048463
2022-12-05,776827,0,1,0,12,49,339,13.283621211128017
2022-12-06,916018,0,1,0,12,49,340,15.306571824291598
2022-12-07,929608,0,1,0,12,49,341,15.40319625547891
2022-12-08,301978,0,1,1,12,49,342,11.904250621169084
2022-12-09,250089,0,1,0,12,49,343,16.005600362437246
2022-12-10,390149,1,0,0,12,49,344,15.878225311705005
2022-12-11,203446,1,0,0,12,49,345,17.406602697973437
2022-12-12,858233,0,1,0,12,50,346,19.27343414241803
2022-12-13,787308,0,1,0,12,50,347,18.327554393568306
2022-12-14,871222,0,1,0,12,50,348,16.372039857149705
2022-12-15,896128,0,1,0,12,50,349,15.25316847467351
2022-12-16,964650,0,1,0,12,50,350,20.910459119293357
2022-12-17,491439,1,0,0,12,50,351,17.276546040921307
2022-12-18,117564,1,0,0,12,50,352,17.345707517448883
2022-12-19,750906,0,1,0,12,51,353,17.425476728529826
2022-12-20,173889,0,1,0,12,51,354,17.895357318057904
2022-12-21,910424,0,1,0,12,51,355,17.517929947428335
2022-12-22,948322,0,1,0,12,51,356,17.00985214313146
2022-12-23,687380,0,1,0,12,51,357,17.18552526688537
2022-12-24,239664,1,0,0,12,51,358,18.091706093624957
2022-12-25,98856,1,0,1,12,51,359,17.460234947332673
2022-12-26,656421,0,1,0,12,52,360,17.340113454031847
2022-12-27,722140,0,1,0,12,52,361,18.702471702467346
2022-12-28,724442,0,1,0,12,52,362,18.29319943414156
2022-12-29,706706,0,1,0,12,52,363,21.0638489459189
2022-12-30,539670,0,1,0,12,52,364,14.962915084660796
2022-12-31,208333,1,0,0,12,52,365,20.70741757142261
2023-01-01,83781,1,0,1,1,52,1,21.069310985499346
2023-01-02,572564,0,1,0,1,1,2,16.21932362879874
2023-01-03,400492,0,1,0,1,1,3,18.943764952004866
2023-01-04,415227,0,1,0,1,1,4,19.028145950955167
2023-01-05,420341,0,1,0,1,1,5,17.600636371571046
2023-01-06,392558,0,1,0,1,1,6,18.670823789512212
2023-01-07,197921,1,0,0,1,1,7,18.296340972204703
2023-01-08,100289,1,0,0,1,1,8,22.714240399058713
2023-01-09,390179,0,1,0,1,2,9,21.61191975694399
2023-01-10,406415,0,1,0,1,2,10,22.237203363417546
2023-01-11,407885,0,1,0,1,2,11,21.532712497344665
2023-01-12,413503,0,1,0,1,2,12,18.875789893990984
2023-01-13,399532,0,1,0,1,2,13,19.90054445950473
2023-01-14,341601,1,0,0,1,2,14,21.538103214148272
2023-01-15,171174,1,0,0,1,2,15,19.086290792003034
2023-01-16,612596,0,1,0,1,3,16,22.103111695587515
2023-01-17,639256,0,1,0,1,3,17,20.78591409039319
2023-01-18,659482,0,1,0,1,3,18,20.69558228436172
2023-01-19,656999,0,1,0,1,3,19,22.43425491322624
2023-01-20,606041,0,1,0,1,3,20,22.142768954755986
2023-01-21,335244,1,0,0,1,3,21,21.04200915839281
2023-01-22,195615,1,0,0,1,3,22,23.428031193326227
2023-01-23,631503,0,1,0,1,4,23,20.171481954538383
2023-01-24,673136,0,1,0,1,4,24,22.81945236107995
2023-01-25,698791,0,1,0,1,4,25,22.886074024741916
2023-01-26,661026,0,1,0,1,4,26,21.63134695744219
2023-01-27,571099,0,1,0,1,4,27,22.682452511617374
2023-01-28,331743,1,0,0,1,4,28,20.41248194178934
2023-01-29,182465,1,0,0,1,4,29,23.769376712522238
2023-01-30,650646,0,1,0,1,5,30,22.19842349690796
2023-01-31,674879,0,1,0,1,5,31,21.782361937049938
2023-02-01,731849,0,1,0,2,5,32,24.22883245382684
2023-02-02,704049,0,1,0,2,5,33,21.685851272752064
2023-02-03,702875,0,1,0,2,5,34,20.714873309508874
2023-02-04,376330,1,0,0,2,5,35,20.57594494511155
2023-02-05,196532,1,0,0,2,5,36,23.90132739907735
2023-02-06,711720,0,1,0,2,6,37,21.15116839767489
2023-02-07,747630,0,1,0,2,6,38,25.781556283903008
2023-02-08,751696,0,1,0,2,6,39,20.102053133250234
2023-02-09,765595,0,1,0,2,6,40,25.84322128465528
2023-02-10,709947,0,1,0,2,6,41,23.686637867010347
2023-02-11,334762,1,0,0,2,6,42,23.29458117003118
2023-02-12,175876,1,0,0,2,6,43,22.689755010940516
2023-02-13,697793,0,1,0,2,7,44,24.171244251075013
2023-02-14,512015,0,1,0,2,7,45,23.579398718039112
2023-02-15,773582,0,1,0,2,7,46,25.351999780242725
2023-02-16,780963,0,1,0,2,7,47,23.927451975414147
2023-02-17,720043,0,1,0,2,7,48,24.038476547675483
2023-02-18,365529,1,0,0,2,7,49,23.32235198341229
2023-02-19,213713,1,0,0,2,7,50,23.834915033051967
2023-02-20,233159,0,1,1,2,8,51,24.43240048392149
2023-02-21,235593,0,1,1,2,8,52,21.453595874550224
2023-02-22,766985,0,1,0,2,8,53,22.042492966258568
2023-02-23,770857,0,1,0,2,8,54,25.223348271395306
2023-02-24,762791,0,1,0,2,8,55,24.40617676992716
2023-02-25,370226,1,0,0,2,8,56,23.91306326644938
2023-02-26,198590,1,0,0,2,8,57,24.253570400836924
2023-02-27,809600,0,1,0,2,9,58,24.781883932854566
2023-02-28,793626,0,1,0,2,9,59,23.483164120915323
2023-03-01,700332,0,1,0,3,9,60,23.155329643941787
2023-03-02,770083,0,1,0,3,9,61,24.644219644819394
2023-03-03,753767,0,1,0,3,9,62,22.90823136759419
2023-03-04,374288,1,0,0,3,9,63,25.011174672723598
2023-03-05,202867,1,0,0,3,9,64,21.865584554342064
2023-03-06,779369,0,1,0,3,10,65,25.981511131331924
2023-03-07,818529,0,1,0,3,10,66,25.16263947877118
2023-03-08,864809,0,1,0,3,10,67,24.851396570648244
2023-03-09,826327,0,1,0,3,10,68,25.952636260783517
2023-03-10,786831,0,1,0,3,10,69,26.98569503593838
2023-03-11,360349,1,0,0,3,10,70,26.01555518744466
2023-03-12,186882,1,0,0,3,10,71,21.73683666884166
2023-03-13,836769,0,1,0,3,11,72,22.58056046778597
2023-03-14,847958,0,1,0,3,11,73,23.56210540269438
2023-03-15,860116,0,1,0,3,11,74,24.535506820815108
2023-03-16,887736,0,1,0,3,11,75,25.267526255383952
2023-03-17,865170,0,1,0,3,11,76,23.39472156719294
2023-03-18,402413,1,0,0,3,11,77,24.753421360748977
2023-03-19,198174,1,0,0,3,11,78,23.327768090275598
2023-03-20,863548,0,1,0,3,12,79,23.528778089651393
2023-03-21,934321,0,1,0,3,12,80,22.318920866675303
2023-03-22,918166,0,1,0,3,12,81,23.024570852692367
2023-03-23,919355,0,1,0,3,12,82,22.360058291286144
2023-03-24,425321,0,1,1,3,12,83,22.89960253637386
2023-03-25,290934,1,0,0,3,12,84,25.91737222807568
2023-03-26,177536,1,0,0,3,12,85,22.883986071811034
2023-03-27,875765,0,1,0,3,13,86,28.22551867028858
2023-03-28,904521,0,1,0,3,13,87,24.983479115513845
2023-03-29,864454,0,1,0,3,13,88,24.485018574055502
2023-03-30,924806,0,1,0,3,13,89,22.882205865626556
2023-03-31,867747,0,1,0,3,13,90,25.179912792157054
2023-04-01,420420,1,0,0,4,13,91,23.22343590074071
2023-04-02,194046,1,0,1,4,13,92,24.225103869091406
2023-04-03,916217,0,1,0,4,14,93,27.835177577766647
2023-04-04,941483,0,1,0,4,14,94,23.801701598716857
2023-04-05,950425,0,1,0,4,14,95,25.618235766973257
2023-04-06,329015,0,1,0,4,14,96,22.78590437078632
2023-04-07,224838,0,1,0,4,14,97,23.732354305008293
2023-04-08,295397,1,0,0,4,14,98,26.38304737205074
2023-04-09,169069,1,0,0,4,14,99,22.72626373919762
2023-04-10,806875,0,1,0,4,15,100,26.323131418031338
2023-04-11,920900,0,1,0,4,15,101,24.6017255349715
2023-04-12,858690,0,1,0,4,15,102,22.629950385833173
2023-04-13,970864,0,1,0,4,15,103,24.353748632982573
2023-04-14,844242,0,1,0,4,15,104,24.793409032438714
2023-04-15,418195,1,0,0,4,15,105,24.194707402150296
2023-04-16,197539,1,0,0,4,15,106,20.83206675551341
2023-04-17,879734,0,1,0,4,16,107,22.020127826053972
2023-04-18,902809,0,1,0,4,16,108,22.661026458240073
2023-04-19,877097,0,1,0,4,16,109,22.840189426917487
2023-04-20,936949,0,1,0,4,16,110,23.800471056586947
2023-04-21,882976,0,1,0,4,16,111,23.0517503420296
2023-04-22,413094,1,0,0,4,16,112,20.696055792871178
2023-04-23,209672,1,0,0,4,16,113,23.181405678833286
2023-04-24,869562,0,1,0,4,17,114,23.437213238181805
2023-04-25,899600,0,1,0,4,17,115,23.26946175868533
2023-04-26,900990,0,1,0,4,17,116,23.957631521023835
2023-04-27,930358,0,1,0,4,17,117,23.492298541231055
2023-04-28,894371,0,1,0,4,17,118,22.833438999700086
2023-04-29,452290,1,0,0,4,17,119,21.94100124790786
2023-04-30,200631,1,0,0,4,17,120,19.454745875542145
2023-05-01,205944,0,1,1,5,18,121,22.48893824240715
2023-05-02,918462,0,1,0,5,18,122,22.052782388417356
2023-05-03,897130,0,1,0,5,18,123,22.04380596168558
2023-05-04,864236,0,1,0,5,18,124,19.614979653036205
2023-05-05,891898,0,1,0,5,18,125,19.800691989094236
2023-05-06,405631,1,0,0,5,18,126,22.89272178579875
2023-05-07,229393,1,0,0,5,18,127,21.142949287554792
2023-05-08,806762,0,1,0,5,19,128,22.112429189293533
2023-05-09,936034,0,1,0,5,19,129,21.019191663477116
2023-05-10,847139,0,1,0,5,19,130,20.90655771756884
2023-05-11,922171,0,1,0,5,19,131,22.153266094259454
2023-05-12,887565,0,1,0,5,19,132,19.85443203580076
2023-05-13,445515,1,0,0,5,19,133,20.65411567297768
2023-05-14,241562,1,0,0,5,19,134,19.696768723811978
2023-05-15,662871,0,1,0,5,20,135,19.617531720242436
2023-05-16,886445,0,1,0,5,20,136,19.68349536286471
2023-05-17,911661,0,1,0,5,20,137,20.357350932254533
2023-05-18,969786,0,1,0,5,20,138,19.18187978726121
2023-05-19,817123,0,1,0,5,20,139,21.658481858885253
2023-05-20,344312,1,0,0,5,20,140,18.306811259922483
2023-05-21,153759,1,0,0,5,20,141,19.241356255389686
2023-05-22,860982,0,1,0,5,21,142,18.734113258426877
2023-05-23,747095,0,1,0,5,21,143,21.43536532789647
2023-05-24,811337,0,1,0,5,21,144,19.430100022563607
2023-05-25,287126,0,1,1,5,21,145,20.552623136689572
2023-05-26,273115,0,1,0,5,21,146,16.645361994632463
2023-05-27,387518,1,0,0,5,21,147,19.142420800397623
2023-05-28,204470,1,0,0,5,21,148,19.94377013525922
2023-05-29,825516,0,1,0,5,22,149,18.59960342776062
2023-05-30,870800,0,1,0,5,22,150,19.94066592444293
2023-05-31,886168,0,1,0,5,22,151,17.43223464836782
2023-06-01,911385,0,1,0,6,22,152,20.187404278626992
2023-06-02,883704,0,1,0,6,22,153,21.386479871233377
2023-06-03,465867,1,0,0,6,22,154,17.258198262848655
2023-06-04,214667,1,0,0,6,22,155,16.998139793257852
2023-06-05,864113,0,1,0,6,23,156,19.710062135297214
2023-06-06,888691,0,1,0,6,23,157,19.76263027556963
2023-06-07,902788,0,1,0,6,23,158,16.4720039578077
2023-06-08,626566,0,1,0,6,23,159,16.48881160822393
2023-06-09,866031,0,1,0,6,23,160,16.559029305635573
2023-06-10,420270,1,0,0,6,23,161,14.827502097484835
2023-06-11,207447,1,0,0,6,23,162,15.328569602090777
2023-06-12,855830,0,1,0,6,24,163,15.062644824981422
2023-06-13,826948,0,1,0,6,24,164,15.279447677234293
2023-06-14,918036,0,1,0,6,24,165,16.241425147102763
2023-06-15,911628,0,1,0,6,24,166,16.507144234768553
2023-06-16,892658,0,1,0,6,24,167,18.34404452029479
2023-06-17,420426,1,0,0,6,24,168,14.383377105024106
2023-06-18,221547,1,0,0,6,24,169,17.22018959917728
2023-06-19,280710,0,1,0,6,25,170,15.285744676688186
2023-06-20,242201,0,1,1,6,25,171,15.395819015900699
2023-06-21,915897,0,1,1,6,25,172,16.345835662890906
2023-06-22,887593,0,1,0,6,25,173,13.51346086414842
2023-06-23,855959,0,1,0,6,25,174,15.635481933471587
2023-06-24,407571,1,0,0,6,25,175,15.176295193970972
2023-06-25,213505,1,0,0,6,25,176,15.530509572493857
2023-06-26,850343,0,1,0,6,26,177,15.091307604016835
2023-06-27,841204,0,1,0,6,26,178,18.206772766018865
2023-06-28,892807,0,1,0,6,26,179,13.434066081798967
2023-06-29,897371,0,1,0,6,26,180,13.461659165903548
2023-06-30,871941,0,1,0,6,26,181,13.191586656174941
2023-07-01,447388,1,0,0,7,26,182,13.161927993772991
2023-07-02,223353,1,0,0,7,26,183,12.908651451243973
2023-07-03,842763,0,1,0,7,27,184,15.518626295295455
2023-07-04,922214,0,1,0,7,27,185,15.737046526146667
2023-07-05,624312,0,1,0,7,27,186,12.622216837744068
2023-07-06,934569,0,1,0,7,27,187,12.102744427091928
2023-07-07,865576,0,1,0,7,27,188,13.932275664054643
2023-07-08,489943,1,0,0,7,27,189,12.271662713822124
2023-07-09,241685,1,0,1,7,27,190,13.925247451829298
2023-07-10,888304,0,1,0,7,28,191,13.157130983209276
2023-07-11,911491,0,1,0,7,28,192,10.457107766113241
2023-07-12,822405,0,1,0,7,28,193,14.931076145125573
2023-07-13,943160,0,1,0,7,28,194,15.183882002077084
2023-07-14,921009,0,1,0,7,28,195,11.452317836146609
2023-07-15,495743,1,0,0,7,28,196,11.672607274800573
2023-07-16,289098,1,0,0,7,28,197,12.566874577762144
2023-07-17,833859,0,1,0,7,29,198,12.524971085699121
2023-07-18,870651,0,1,0,7,29,199,12.89763826577465
2023-07-19,658700,0,1,0,7,29,200,14.813024789809745
2023-07-20,906275,0,1,0,7,29,201,11.421586652959554
2023-07-21,833739,0,1,0,7,29,202,10.38027733348571
2023-07-22,485499,1,0,0,7,29,203,9.400918641211549
2023-07-23,300868,1,0,0,7,29,204,10.267167234194606
2023-07-24,767248,0,1,0,7,30,205,11.209058683016622
2023-07-25,827400,0,1,0,7,30,206,13.847325881568416
2023-07-26,595837,0,1,0,7,30,207,10.277395775629618
2023-07-27,841143,0,1,0,7,30,208,11.289432112362535
2023-07-28,820956,0,1,0,7,30,209,10.83069677503346
2023-07-29,462242,1,0,0,7,30,210,12.541174600764444
2023-07-30,269973,1,0,0,7,30,211,14.45393820611855
2023-07-31,787899,0,1,0,7,31,212,9.773920753830753
2023-08-01,769450,0,1,0,8,31,213,9.744506215966604
2023-08-02,848380,0,1,0,8,31,214,11.955132413279273
2023-08-03,678467,0,1,0,8,31,215,11.323764903503132
2023-08-04,858788,0,1,0,8,31,216,12.98486214797433
2023-08-05,470849,1,0,0,8,31,217,11.006429367728034
2023-08-06,228568,1,0,0,8,31,218,9.509222293251868
2023-08-07,877579,0,1,0,8,32,219,10.853677834471137
2023-08-08,919170,0,1,0,8,32,220,11.55222178108309
2023-08-09,920167,0,1,0,8,32,221,11.043319436446955
2023-08-10,911486,0,1,0,8,32,222,10.498918587836435
2023-08-11,918455,0,1,0,8,32,223,11.26543467638511
2023-08-12,425015,1,0,0,8,32,224,11.348806361269215
2023-08-14,853565,0,1,0,8,33,226,11.599587936881715
2023-08-15,913372,0,1,0,8,33,227,10.432967199596181
2023-08-16,910079,0,1,0,8,33,228,9.144864298488777
2023-08-17,768285,0,1,1,8,33,229,9.553356203770718
2023-08-18,905413,0,1,0,8,33,230,11.082917031165067
2023-08-19,452360,1,0,0,8,33,231,7.989759452765414
2023-08-20,251965,1,0,0,8,33,232,9.7123409548342
2023-08-21,232549,0,1,0,8,34,233,8.515666003964212
2023-08-22,911904,0,1,0,8,34,234,9.097325786098393
2023-08-23,939994,0,1,0,8,34,235,10.922627023547498
2023-08-24,967406,0,1,0,8,34,236,9.244559454906494
2023-08-25,925570,0,1,0,8,34,237,8.982762182136856
2023-08-26,448808,1,0,0,8,34,238,6.8307678154865545
2023-08-27,247899,1,0,0,8,34,239,9.94963781314246
2023-08-28,895294,0,1,0,8,35,240,9.760461883198422
2023-08-29,932355,0,1,0,8,35,241,12.00137982076568
2023-08-30,920889,0,1,0,8,35,242,8.26138707453801
2023-08-31,935338,0,1,0,8,35,243,9.020641086436967
2023-09-01,906307,0,1,0,9,35,244,9.037165992402217
2023-09-02,411538,1,0,0,9,35,245,11.002767503805352
2023-09-03,171197,1,0,0,9,35,246,8.469471501708929
2023-09-04,909467,0,1,0,9,36,247,9.009111566796786
2023-09-05,935992,0,1,0,9,36,248,9.482932252627172
2023-09-06,942333,0,1,0,9,36,249,8.83385889059522
2023-09-07,916359,0,1,0,9,36,250,7.8695070893686285
2023-09-08,927922,0,1,0,9,36,251,8.817863775314102
2023-09-09,461450,1,0,0,9,36,252,10.127110337866522
2023-09-10,259725,1,0,0,9,36,253,6.969189326203141
2023-09-11,833190,0,1,0,9,37,254,8.703084265721454
2023-09-12,944404,0,1,0,9,37,255,7.450485508353337
2023-09-13,958191,0,1,0,9,37,256,10.292644025497744
2023-09-14,1018920,0,1,0,9,37,257,6.217071626985212
2023-09-15,936672,0,1,0,9,37,258,7.66761713917515
2023-09-16,468636,1,0,0,9,37,259,9.078334443352267
2023-09-17,195721,1,0,0,9,37,260,10.869686258986265
2023-09-18,899854,0,1,0,9,38,261,8.434022639213087
2023-09-19,966318,0,1,0,9,38,262,7.7134574548085855
2023-09-20,948797,0,1,0,9,38,263,11.383957928817425
2023-09-21,847136,0,1,0,9,38,264,6.408519188676811
2023-09-22,781591,0,1,0,9,38,265,5.302995525917986
2023-09-23,314398,1,0,0,9,38,266,9.284231141063263
2023-09-24,239400,1,0,0,9,38,267,7.896466901298208
2023-09-25,842189,0,1,0,9,39,268,7.145364042258675
2023-09-26,909526,0,1,0,9,39,269,9.769731029569662
2023-09-27,963524,0,1,0,9,39,270,9.105189695844736
2023-09-28,988149,0,1,0,9,39,271,7.927962552656069
2023-09-29,977190,0,1,0,9,39,272,6.890505131015255
2023-09-30,473972,1,0,0,9,39,273,10.158807379684971
2023-10-01,257891,1,0,0,10,39,274,9.866849636576763
2023-10-02,894915,0,1,0,10,40,275,8.786465104913782
2023-10-03,942291,0,1,0,10,40,276,11.751107030536332
2023-10-04,926386,0,1,0,10,40,277,7.424175019927363
2023-10-05,966764,0,1,0,10,40,278,6.79137877497932
2023-10-06,937432,0,1,0,10,40,279,8.094367593445057
2023-10-07,497004,1,0,0,10,40,280,9.118597069984082
2023-10-08,265897,1,0,0,10,40,281,9.608898671562947
2023-10-09,921190,0,1,0,10,41,282,8.941098955997552
2023-10-10,978581,0,1,0,10,41,283,9.89223232309505
2023-10-11,960770,0,1,0,10,41,284,7.550150784167416
2023-10-12,1010228,0,1,1,10,41,285,11.658513264955932
2023-10-13,388855,0,1,0,10,41,286,9.43712239457437
2023-10-14,444969,1,0,0,10,41,287,11.305832081175765
2023-10-15,239948,1,0,0,10,41,288,10.215551287346328
2023-10-16,247335,0,1,0,10,42,289,10.460182583654857
2023-10-17,939847,0,1,0,10,42,290,10.705285909421848
2023-10-18,968706,0,1,0,10,42,291,10.599750413606646
2023-10-19,985408,0,1,0,10,42,292,10.971771667742413
2023-10-20,947108,0,1,0,10,42,293,12.082840089801234
2023-10-21,414816,1,0,0,10,42,294,10.467216500497985
2023-10-22,323,1,0,0,10,42,295,11.321138827816558
2023-10-23,817638,0,1,0,10,43,296,10.210077843497649
2023-10-24,935495,0,1,0,10,43,297,12.593729355345715
2023-10-25,982223,0,1,0,10,43,298,9.509634845338656
2023-10-26,964842,0,1,0,10,43,299,13.318074465654341
2023-10-27,931601,0,1,0,10,43,300,10.650610767666182
2023-10-28,474927,1,0,0,10,43,301,8.660584368568724
2023-10-29,236565,1,0,0,10,43,302,11.096490005953
2023-10-30,875617,0,1,0,10,44,303,9.98200037599833
2023-10-31,923730,0,1,0,10,44,304,12.365416372819528
2023-11-01,952518,0,1,0,11,44,305,10.22798708510819
2023-11-02,849186,0,1,0,11,44,306,10.641688361897979
2023-11-03,959244,0,1,0,11,44,307,8.58223049646028
2023-11-04,578607,1,0,0,11,44,308,10.845166533599437
2023-11-05,276478,1,0,0,11,44,309,7.996366049135545
2023-11-06,917408,0,1,0,11,45,310,9.366332269085293
2023-11-07,986396,0,1,0,11,45,311,12.994219796586044
2023-11-08,951550,0,1,0,11,45,312,13.145086187647308
2023-11-09,1052683,0,1,0,11,45,313,12.718703837336488
2023-11-10,892909,0,1,0,11,45,314,10.74549441299978
2023-11-11,506861,1,0,0,11,45,315,12.241108106862619
2023-11-12,276200,1,0,0,11,45,316,12.425228640547298
2023-11-13,926182,0,1,0,11,46,317,10.81224856493135
2023-11-14,976134,0,1,0,11,46,318,14.925226731724397
2023-11-15,980445,0,1,0,11,46,319,14.1076412686407
2023-11-16,965508,0,1,0,11,46,320,12.582719005332216
2023-11-17,937126,0,1,0,11,46,321,13.078124018088339
2023-11-18,463861,1,0,0,11,46,322,13.475025391022807
2023-11-19,779,1,0,0,11,46,323,10.225493783715766
2023-11-20,251132,0,1,0,11,47,324,13.043926676270228
2023-11-21,943673,0,1,0,11,47,325,12.519227284877893
2023-11-22,962335,0,1,1,11,47,326,12.168161007746653
2023-11-23,989752,0,1,0,11,47,327,13.378166363918156
2023-11-24,950132,0,1,0,11,47,328,16.62637249673536
2023-11-25,502583,1,0,0,11,47,329,15.021894494650189
2023-11-26,265310,1,0,0,11,47,330,13.335372052280944
2023-11-27,885117,0,1,0,11,48,331,15.1832089117614
2023-11-28,949771,0,1,0,11,48,332,16.55620679394951
2023-11-29,892173,0,1,0,11,48,333,15.97756839632155
2023-11-30,941073,0,1,0,11,48,334,14.81407345084693
2023-12-01,831019,0,1,0,12,48,335,13.888758834492673
2023-12-02,495492,1,0,0,12,48,336,16.041521291674414
2023-12-03,236040,1,0,0,12,48,337,15.719882924680812
2023-12-04,920664,0,1,0,12,49,338,16.608319264727353
2023-12-05,961291,0,1,0,12,49,339,16.354527525616838
2023-12-06,908425,0,1,0,12,49,340,17.112664713784177
2023-12-07,1041039,0,1,0,12,49,341,14.87233360307966
2023-12-08,391599,0,1,1,12,49,342,17.788372708551904
2023-12-09,473532,1,0,0,12,49,343,16.245979992620025
2023-12-10,258272,1,0,0,12,49,344,19.199933971151875
2023-12-11,913985,0,1,0,12,50,345,15.190845379883685
2023-12-12,941689,0,1,0,12,50,346,18.966238855501196
2023-12-13,912576,0,1,0,12,50,347,16.796866175193966
2023-12-14,939388,0,1,0,12,50,348,15.660579843824996
2023-12-15,917260,0,1,0,12,50,349,16.04954414190047
2023-12-16,468747,1,0,0,12,50,350,16.432436375494532
2023-12-17,174976,1,0,0,12,50,351,17.686668334021437
2023-12-18,816389,0,1,0,12,51,352,17.97197162195282
2023-12-19,959170,0,1,0,12,51,353,16.46426357367161
2023-12-20,859453,0,1,0,12,51,354,17.425132470803337
2023-12-21,967278,0,1,0,12,51,355,20.8116357148239
2023-12-22,889153,0,1,0,12,51,356,20.3257853204653
2023-12-23,428014,1,0,0,12,51,357,18.52483065796285
2023-12-24,163455,1,0,0,12,51,358,18.06281889599823
2023-12-25,119376,0,1,1,12,52,359,18.320882989026348
2023-12-26,756428,0,1,0,12,52,360,19.195649063128943
2023-12-27,821880,0,1,0,12,52,361,16.875193280249984
2023-12-28,785539,0,1,0,12,52,362,18.156761554794492
2023-12-29,727680,0,1,0,12,52,363,16.17278914945647
2023-12-30,358171,1,0,0,12,52,364,19.406694146952795
2023-12-31,149365,1,0,0,12,52,365,19.910163706804397
2024-01-01,109479,0,1,1,1,1,1,18.34537760008985
2024-01-02,630828,0,1,0,1,1,2,21.561163341687948
2024-01-03,684225,0,1,0,1,1,3,17.49076048290745
2024-01-04,696338,0,1,0,1,1,4,17.261234022810644
2024-01-05,664831,0,1,0,1,1,5,19.921984977788824
2024-01-06,316405,1,0,0,1,1,6,21.28255136756602
2024-01-07,159626,1,0,0,1,1,7,22.36344035808534
2024-01-08,529133,0,1,0,1,2,8,19.273878346100037
2024-01-09,543590,0,1,0,1,2,9,21.70385598407022
2024-01-10,541798,0,1,0,1,2,10,20.150639462971736
2024-01-11,561299,0,1,0,1,2,11,20.070929771015066
2024-01-12,541505,0,1,0,1,2,12,21.775694307509834
2024-01-13,273554,1,0,0,1,2,13,21.547851868436968
2024-01-14,142288,1,0,0,1,2,14,18.32273662344803
2024-01-15,505535,0,1,0,1,3,15,23.018851896895235
2024-01-16,492997,0,1,0,1,3,16,22.98961953656213
2024-01-17,556916,0,1,0,1,3,17,20.095269998064634
2024-01-18,551788,0,1,0,1,3,18,21.740107487786506
2024-01-19,527023,0,1,0,1,3,19,21.998858775110218
2024-01-20,267717,1,0,0,1,3,20,21.75882560965687
2024-01-21,148571,1,0,0,1,3,21,20.65091625675881
2024-01-22,518105,0,1,0,1,4,22,20.576023355214335
2024-01-23,556750,0,1,0,1,4,23,21.650705381792676
2024-01-24,410047,0,1,0,1,4,24,23.55217047482726
2024-01-25,558352,0,1,0,1,4,25,22.710949182555197
2024-01-26,486585,0,1,0,1,4,26,21.440500639660158
2024-01-27,254049,1,0,0,1,4,27,23.253214682385693
2024-01-28,139972,1,0,0,1,4,28,17.92043904730908
2024-01-29,514808,0,1,0,1,5,29,24.012300856925446
2024-01-30,531989,0,1,0,1,5,30,19.77376551554475
2024-01-31,540506,0,1,0,1,5,31,21.932115289467752
2024-02-01,533509,0,1,0,2,5,32,20.886941625889268
2024-02-02,505551,0,1,0,2,5,33,20.713296401490126
2024-02-03,240013,1,0,0,2,5,34,24.483606989633984
2024-02-04,143639,1,0,0,2,5,35,22.126013452086376
2024-02-05,544620,0,1,0,2,6,36,23.43064452799348
2024-02-06,556964,0,1,0,2,6,37,22.921931603740106
2024-02-07,564741,0,1,0,2,6,38,23.787373667254002
2024-02-08,446783,0,1,0,2,6,39,23.26459784751685
2024-02-09,530134,0,1,0,2,6,40,21.30045890879297
2024-02-10,237747,1,0,0,2,6,41,24.792936961390932
2024-02-11,145047,1,0,0,2,6,42,22.62947679146445
2024-02-12,127667,0,1,1,2,7,43,21.104777989847143
2024-02-13,180640,0,1,1,2,7,44,22.864960899705068
2024-02-14,608446,0,1,0,2,7,45,25.823679765498376
2024-02-15,607020,0,1,0,2,7,46,24.911183384846627
2024-02-16,556462,0,1,0,2,7,47,23.174068755606157
2024-02-17,262052,1,0,0,2,7,48,23.232223945943446
2024-02-18,133371,1,0,0,2,7,49,23.330571328656593
2024-02-19,557349,0,1,0,2,8,50,26.98289227707433
2024-02-20,595635,0,1,0,2,8,51,24.493236646980897
2024-02-21,444011,0,1,0,2,8,52,24.61576030137001
2024-02-22,616301,0,1,0,2,8,53,25.564273644582926
2024-02-23,596182,0,1,0,2,8,54,24.42295483795691
2024-02-24,284861,1,0,0,2,8,55,23.71988891163017
2024-02-25,142559,1,0,0,2,8,56,23.855353839107774
2024-02-26,547802,0,1,0,2,9,57,24.081636381857304
2024-02-27,633364,0,1,0,2,9,58,24.170086146474073
2024-02-28,641412,0,1,0,2,9,59,25.35195569026752
2024-02-29,646612,0,1,0,2,9,60,24.370722470090314
2024-03-01,555771,0,1,0,3,9,61,25.421746847868622
2024-03-02,267429,1,0,0,3,9,62,24.22937689201
2024-03-03,161363,1,0,0,3,9,63,24.493743319490875
2024-03-04,632022,0,1,0,3,10,64,21.401494512353725
2024-03-05,663580,0,1,0,3,10,65,25.793951472752546
2024-03-06,665060,0,1,0,3,10,66,24.957510389190443
2024-03-07,823355,0,1,0,3,10,67,25.950758419941092
2024-03-08,862077,0,1,0,3,10,68,20.1229689018869
2024-03-09,400283,1,0,0,3,10,69,27.61116184203634
2024-03-10,228459,1,0,0,3,10,70,24.278098927011754
2024-03-11,784057,0,1,0,3,11,71,26.15627431502374
2024-03-12,657496,0,1,0,3,11,72,22.93828912515083
2024-03-13,767704,0,1,0,3,11,73,25.419086775483375
2024-03-14,806626,0,1,0,3,11,74,22.919209924477418
2024-03-15,876473,0,1,0,3,11,75,23.56071680445515
2024-03-16,404095,1,0,0,3,11,76,27.362084755480446
2024-03-17,234462,1,0,0,3,11,77,24.19731368577812
2024-03-18,889881,0,1,0,3,12,78,24.799420523802944
2024-03-19,929675,0,1,0,3,12,79,25.76594408483871
2024-03-20,637717,0,1,0,3,12,80,25.18957762609822
2024-03-21,964961,0,1,0,3,12,81,24.654540869663002
2024-03-22,920917,0,1,0,3,12,82,24.956862225558062
2024-03-23,434467,1,0,0,3,12,83,27.99270857756806
2024-03-24,397409,1,0,1,3,12,84,24.27698422028948
2024-03-25,917377,0,1,0,3,13,85,24.63855810323637
2024-03-26,972964,0,1,0,3,13,86,25.884065999070362
2024-03-27,969565,0,1,0,3,13,87,25.935234472469467
2024-03-28,419831,0,1,0,3,13,88,26.024047722533084
2024-03-29,281803,0,1,0,3,13,89,25.16585972155697
2024-03-30,368893,1,0,0,3,13,90,22.45523516680265
2024-03-31,210439,1,0,0,3,13,91,26.57959527149521
2024-04-01,186000,0,1,0,4,14,92,22.367374550569345
2024-04-02,181588,0,1,1,4,14,93,24.496042344981916
2024-04-03,665940,0,1,0,4,14,94,22.863636995334414
2024-04-04,768696,0,1,0,4,14,95,23.849583928414347
2024-04-05,750994,0,1,0,4,14,96,24.38746939299997
2024-04-06,349964,1,0,0,4,14,97,24.322704831650565
2024-04-07,184499,1,0,0,4,14,98,24.417718172106667
2024-04-08,742701,0,1,0,4,15,99,26.147413322185457
2024-04-09,792854,0,1,0,4,15,100,24.34701577815024
2024-04-10,825603,0,1,0,4,15,101,23.238223628099977
2024-04-11,802645,0,1,0,4,15,102,24.986228384220823
2024-04-12,790527,0,1,0,4,15,103,25.257856283061543
2024-04-13,310359,1,0,0,4,15,104,21.563725301693797
2024-04-14,152335,1,0,0,4,15,105,24.2306774627734
2024-04-15,719574,0,1,0,4,16,106,24.313751572290865
2024-04-16,826579,0,1,0,4,16,107,22.741058580309108
2024-04-17,827729,0,1,0,4,16,108,25.17439380975871
2024-04-18,845838,0,1,0,4,16,109,22.807221031018546
2024-04-19,815666,0,1,0,4,16,110,23.14020425077488
2024-04-20,382283,1,0,0,4,16,111,22.60985517383512
2024-04-21,169072,1,0,0,4,16,112,22.808567412001914
2024-04-22,747576,0,1,0,4,17,113,21.054659700593522
2024-04-23,973558,0,1,0,4,17,114,20.4510325784329
2024-04-24,814084,0,1,0,4,17,115,24.913092215093528
2024-04-25,819260,0,1,0,4,17,116,21.15933406431128
2024-04-26,742908,0,1,0,4,17,117,20.84937190850745
2024-04-27,367740,1,0,0,4,17,118,19.011330139002116
2024-04-28,190469,1,0,0,4,17,119,21.186226259323167
2024-04-29,773202,0,1,0,4,18,120,20.061615124984574
2024-04-30,831870,0,1,0,4,18,121,24.409210016020687
2024-05-01,178271,0,1,1,5,18,122,23.35923654772223
2024-05-02,834368,0,1,0,5,18,123,20.709025339906106
2024-05-03,809668,0,1,0,5,18,124,25.015091413908983
2024-05-04,379603,1,0,0,5,18,125,23.002750747254062
2024-05-05,168966,1,0,0,5,18,126,20.935029724443687
2024-05-06,708375,0,1,0,5,19,127,17.563883933489024
2024-05-07,813544,0,1,0,5,19,128,24.638695877225903
2024-05-08,850274,0,1,0,5,19,129,19.005819443089212
2024-05-10,802608,0,1,0,5,19,131,18.508615978846088
2024-05-11,387522,1,0,0,5,19,132,22.395779156339685
2024-05-12,166406,1,0,0,5,19,133,24.405468994804398
2024-05-13,786305,0,1,0,5,20,134,22.7049083558926
2024-05-14,819469,0,1,0,5,20,135,21.355798187644748
2024-05-15,807889,0,1,0,5,20,136,21.28231316936746
2024-05-16,825240,0,1,0,5,20,137,21.54939939956136
2024-05-17,707680,0,1,0,5,20,138,21.285646432747832
2024-05-18,306321,1,0,0,5,20,139,20.44593741075804
2024-05-19,138630,1,0,0,5,20,140,20.056304375684267
2024-05-20,657698,0,1,0,5,21,141,19.68095797867569
2024-05-21,688657,0,1,0,5,21,142,18.51777532995172
2024-05-22,689280,0,1,0,5,21,143,19.10065110633157
2024-05-23,647823,0,1,0,5,21,144,16.854274624545074
2024-05-24,651396,0,1,0,5,21,145,19.117389061173732
2024-05-25,217989,1,0,1,5,21,146,17.65238119706986
2024-05-26,132128,1,0,0,5,21,147,17.349472351662953
2024-05-27,639314,0,1,0,5,22,148,19.143543780918144
2024-05-28,678619,0,1,0,5,22,149,20.829848831110635
2024-05-29,676487,0,1,0,5,22,150,19.98679885082754
2024-05-30,648378,0,1,0,5,22,151,16.120426538412737
2024-05-31,652599,0,1,0,5,22,152,16.858003156989383
2024-06-01,287654,1,0,0,6,22,153,19.619324105500688
2024-06-02,117741,1,0,0,6,22,154,16.599652028041145
2024-06-03,636067,0,1,0,6,23,155,17.601182960808963
2024-06-04,622944,0,1,0,6,23,156,18.62753425204497
2024-06-05,645143,0,1,0,6,23,157,16.213876893063556
2024-06-06,681881,0,1,0,6,23,158,17.688048678839603
2024-06-07,658628,0,1,0,6,23,159,15.392233814596244
2024-06-08,293209,1,0,0,6,23,160,16.354242532610773
2024-06-09,142276,1,0,0,6,23,161,17.598764735081513
2024-06-10,645143,0,1,0,6,24,162,14.592215618628847
2024-06-11,641940,0,1,0,6,24,163,17.50488997097685
2024-06-12,670501,0,1,0,6,24,164,16.677090823427058
2024-06-13,704860,0,1,0,6,24,165,17.397590906735246
2024-06-14,674674,0,1,0,6,24,166,16.767015225987507
2024-06-15,313172,1,0,0,6,24,167,18.3396631231437
2024-06-16,142146,1,0,0,6,24,168,16.34365888993562
2024-06-17,162467,0,1,0,6,25,169,15.374185469385782
2024-06-18,686038,0,1,0,6,25,170,16.064354420680733
2024-06-19,606391,0,1,0,6,25,171,16.558653045017003
2024-06-20,217457,0,1,1,6,25,172,15.680018048515022
2024-06-21,180853,0,1,1,6,25,173,15.530902117185201
2024-06-22,249846,1,0,0,6,25,174,14.28061889293087
2024-06-23,139491,1,0,0,6,25,175,14.203192520165448
2024-06-24,644697,0,1,0,6,26,176,12.957959406495972
2024-06-25,643360,0,1,0,6,26,177,17.550981996431812
2024-06-26,665734,0,1,0,6,26,178,12.926037823394694
2024-06-27,653170,0,1,0,6,26,179,13.618196841461234
2024-06-28,677325,0,1,0,6,26,180,13.446211657798743
2024-06-29,295906,1,0,0,6,26,181,15.733062623592607
2024-06-30,146448,1,0,0,6,26,182,13.815730080968235
2024-07-01,728521,0,1,0,7,27,183,15.99791055482269
2024-07-02,781040,0,1,0,7,27,184,12.9849077361476
2024-07-03,773270,0,1,0,7,27,185,14.283223385539454
2024-07-04,762645,0,1,0,7,27,186,12.482080918744494
2024-07-05,717568,0,1,0,7,27,187,16.82401384582194
2024-07-06,345068,1,0,0,7,27,188,11.696938649824016
2024-07-07,192731,1,0,0,7,27,189,13.816008852088814
2024-07-08,712776,0,1,0,7,28,190,14.175817650873189
2024-07-09,247333,0,1,1,7,28,191,13.72069592642083
2024-07-10,738225,0,1,0,7,28,192,12.697918236879497
2024-07-11,745521,0,1,0,7,28,193,12.658015402332186
2024-07-12,732094,0,1,0,7,28,194,12.796441146577754
2024-07-13,375711,1,0,0,7,28,195,12.389315340687752
2024-07-14,205335,1,0,0,7,28,196,13.935884167626169
2024-07-15,616701,0,1,0,7,29,197,15.687285374260217
2024-07-16,680979,0,1,0,7,29,198,11.417921937192798
2024-07-17,712764,0,1,0,7,29,199,10.083372022306172
2024-07-18,716275,0,1,0,7,29,200,11.890862828191727
2024-07-19,653605,0,1,0,7,29,201,15.779385863246883
2024-07-20,355682,1,0,0,7,29,202,10.592206129705623
2024-07-21,206297,1,0,0,7,29,203,14.145682702366729
2024-07-22,606491,0,1,0,7,30,204,14.094274421408052
2024-07-23,667643,0,1,0,7,30,205,10.639515120671327
2024-07-24,621973,0,1,0,7,30,206,12.217036912885423
2024-07-25,702548,0,1,0,7,30,207,13.701344077020124
2024-07-26,675464,0,1,0,7,30,208,10.586797474810526
2024-07-27,395392,1,0,0,7,30,209,10.748442184030333
2024-07-28,204423,1,0,0,7,30,210,10.081228813981204
2024-07-29,629485,0,1,0,7,31,211,9.33319602310329
2024-07-30,700377,0,1,0,7,31,212,9.784668372993307
2024-07-31,718713,0,1,0,7,31,213,8.827629167164714
2024-08-01,736200,0,1,0,8,31,214,10.621349115600093
2024-08-02,703906,0,1,0,8,31,215,9.323705533155975
2024-08-03,325121,1,0,0,8,31,216,10.739569965361769
2024-08-04,197980,1,0,0,8,31,217,7.967084199758244
2024-08-05,740585,0,1,0,8,32,218,10.711121507691963
2024-08-06,763784,0,1,0,8,32,219,11.380830532152476
2024-08-07,821732,0,1,0,8,32,220,7.05755696557526
2024-08-08,788765,0,1,0,8,32,221,10.528780443204031
2024-08-09,775338,0,1,0,8,32,222,11.730669898918682
2024-08-10,389451,1,0,0,8,32,223,7.998134636614104
2024-08-11,207809,1,0,0,8,32,224,12.246866121432042
2024-08-12,732270,0,1,0,8,33,225,10.293951156050463
2024-08-13,795869,0,1,0,8,33,226,8.537345191963094
2024-08-14,798894,0,1,0,8,33,227,9.442695833838867
2024-08-15,825007,0,1,0,8,33,228,10.297392736994302
2024-08-16,795217,0,1,0,8,33,229,9.509549506082674
2024-08-17,356798,1,0,1,8,33,230,10.141419662790288
2024-08-18,200759,1,0,0,8,33,231,7.892143191783482
2024-08-19,754783,0,1,0,8,34,232,9.469204195300385
2024-08-20,751849,0,1,0,8,34,233,7.038759246167391
2024-08-21,708330,0,1,0,8,34,234,8.938835130432205
2024-08-22,810319,0,1,0,8,34,235,7.6983470894989825
2024-08-23,784267,0,1,0,8,34,236,7.901654315751902
2024-08-24,365244,1,0,0,8,34,237,10.812050615692296
2024-08-25,196978,1,0,0,8,34,238,10.550072540794028
2024-08-26,766184,0,1,0,8,35,239,9.784259208317208
2024-08-27,805617,0,1,0,8,35,240,7.19178831709276
2024-08-28,802851,0,1,0,8,35,241,8.317622936944616
2024-08-29,803262,0,1,0,8,35,242,10.576144285776264
2024-08-30,687149,0,1,0,8,35,243,8.935629797427362
2024-08-31,250985,1,0,0,8,35,244,12.1709099049136
2024-09-01,193835,1,0,0,9,35,245,9.253067225927643
2024-09-02,820574,0,1,0,9,36,246,8.92466125889519
2024-09-03,871673,0,1,0,9,36,247,8.14874010398561
2024-09-04,885680,0,1,0,9,36,248,8.790890635314701
2024-09-05,882421,0,1,0,9,36,249,8.342382733481545
2024-09-06,805532,0,1,0,9,36,250,9.616108220893572
2024-09-07,388994,1,0,0,9,36,251,9.974210986386293
2024-09-08,201829,1,0,0,9,36,252,7.347744595204715
2024-09-09,765534,0,1,0,9,37,253,6.519813282740195
2024-09-10,797363,0,1,0,9,37,254,5.754654215664787
2024-09-11,792986,0,1,0,9,37,255,9.265616744869957
2024-09-12,807944,0,1,0,9,37,256,6.845616821501286
2024-09-13,772813,0,1,0,9,37,257,5.270738192681756
2024-09-14,364025,1,0,0,9,37,258,9.084719890957318
2024-09-15,201522,1,0,0,9,37,259,12.245499186231719
2024-09-16,743125,0,1,0,9,38,260,8.503410263445645
2024-09-17,791518,0,1,0,9,38,261,9.779136376812218
2024-09-18,801593,0,1,0,9,38,262,8.655392068643915
2024-09-19,775606,0,1,0,9,38,263,8.39792226506167
2024-09-20,789947,0,1,0,9,38,264,9.94083704913819
2024-09-21,361618,1,0,0,9,38,265,8.1451282230182
2024-09-22,188246,1,0,0,9,38,266,9.00229293195596
2024-09-23,753759,0,1,0,9,39,267,9.106756175277283
2024-09-24,801012,0,1,0,9,39,268,7.647412557362552
2024-09-25,798571,0,1,0,9,39,269,10.165276792259528
2024-09-26,759532,0,1,0,9,39,270,8.444756723577518
2024-09-27,767668,0,1,0,9,39,271,7.605870885948678
2024-09-28,375490,1,0,0,9,39,272,9.57884526411676
2024-09-29,213433,1,0,0,9,39,273,7.463259756335038
2024-09-30,708525,0,1,0,9,40,274,8.892393123318438
2024-10-01,765622,0,1,0,10,40,275,8.877869374672464
2024-10-02,809180,0,1,0,10,40,276,10.564072249330223
2024-10-03,734952,0,1,0,10,40,277,9.69319888578476
2024-10-04,744399,0,1,0,10,40,278,8.991761731298876
2024-10-05,364594,1,0,0,10,40,279,10.306315980166858
2024-10-06,186814,1,0,0,10,40,280,11.217541021792881
2024-10-07,706255,0,1,0,10,41,281,10.02369155404512
2024-10-08,792596,0,1,0,10,41,282,9.25941842734399
2024-10-09,790957,0,1,0,10,41,283,7.335198694256808
2024-10-10,759418,0,1,0,10,41,284,7.766478733710558
2024-10-11,289173,0,1,0,10,41,285,8.96962286392108
2024-10-12,274416,1,0,1,10,41,286,8.578598055607118
2024-10-13,161540,1,0,0,10,41,287,9.279892207685055
2024-10-14,714607,0,1,0,10,42,288,9.71486322113922
2024-10-15,769142,0,1,0,10,42,289,10.496002399314868
2024-10-16,778247,0,1,0,10,42,290,9.669304587835546
2024-10-17,734103,0,1,0,10,42,291,10.58038745481283
2024-10-18,745755,0,1,0,10,42,292,10.02489919579587
2024-10-19,356297,1,0,0,10,42,293,7.044487678410305
2024-10-20,176951,1,0,0,10,42,294,8.680108203874454
2024-10-21,663033,0,1,0,10,43,295,9.956303412363354
2024-10-22,724903,0,1,0,10,43,296,8.44309107717211
2024-10-23,694919,0,1,0,10,43,297,11.244574479922793
2024-10-24,739557,0,1,0,10,43,298,12.72967978068705
2024-10-25,728959,0,1,0,10,43,299,12.352366075973514
2024-10-26,336168,1,0,0,10,43,300,10.2964995098928
2024-10-27,175373,1,0,0,10,43,301,12.946936898907625
2024-10-28,712876,0,1,0,10,44,302,11.029748207548963
2024-10-29,759463,0,1,0,10,44,303,10.398704426909754
2024-10-31,38778,0,1,0,10,44,305,10.083473866899261
2024-11-01,734600,0,1,0,11,44,306,10.650746519604226
2024-11-02,378787,1,0,0,11,44,307,10.624657826249932
2024-11-03,167751,1,0,0,11,44,308,11.566587845283399
2024-11-04,660631,0,1,0,11,45,309,11.657402564453372
2024-11-05,768862,0,1,0,11,45,310,11.528195042703175
2024-11-06,741081,0,1,0,11,45,311,12.287592293698502
2024-11-07,773333,0,1,0,11,45,312,13.52815591649339
2024-11-08,735316,0,1,0,11,45,313,13.277929015531582
2024-11-09,260112,1,0,0,11,45,314,9.73903899699618
2024-11-10,176903,1,0,0,11,45,315,8.249635792306108
2024-11-11,691796,0,1,0,11,46,316,13.59743849455253
2024-11-12,746436,0,1,0,11,46,317,10.262357093452456
2024-11-13,749258,0,1,0,11,46,318,12.093484346344148
2024-11-14,757835,0,1,0,11,46,319,10.794626059631149
2024-11-15,744113,0,1,0,11,46,320,9.967158622703641
2024-11-16,320530,1,0,0,11,46,321,13.603791925084375
2024-11-17,148019,1,0,0,11,46,322,14.052898006530654
2024-11-18,203393,0,1,0,11,47,323,12.173029658506461
2024-11-19,741209,0,1,0,11,47,324,9.275887740884112
2024-11-20,616713,0,1,0,11,47,325,12.468729413973474
2024-11-21,748375,0,1,0,11,47,326,14.00239875815497
2024-11-22,707469,0,1,1,11,47,327,11.323836303713422
2024-11-23,321074,1,0,0,11,47,328,13.945630902257758
2024-11-24,165519,1,0,0,11,47,329,13.776852029487593
2024-11-25,642734,0,1,0,11,48,330,14.798779955862733
2024-11-26,677046,0,1,0,11,48,331,14.240000755370902
2024-11-27,656429,0,1,0,11,48,332,12.732537125632803
2024-11-28,690543,0,1,0,11,48,333,16.11919199222387
2024-11-29,653637,0,1,0,11,48,334,14.219379279530049
2024-11-30,318370,1,0,0,11,48,335,14.549661062687496
2024-12-01,139279,1,0,0,12,48,336,13.324725957356874
2024-12-02,676069,0,1,0,12,49,337,14.194240624263767
2024-12-03,691057,0,1,0,12,49,338,13.666982250213707
2024-12-04,717517,0,1,0,12,49,339,14.870235756663023
2024-12-05,738728,0,1,0,12,49,340,17.83309215489927
2024-12-06,682358,0,1,0,12,49,341,13.343918108696844
2024-12-07,355824,1,0,0,12,49,342,13.11799354399006
2024-12-08,193551,1,0,1,12,49,343,17.881941911660924
2024-12-09,675282,0,1,0,12,50,344,15.498296094372614
2024-12-10,724380,0,1,0,12,50,345,14.945971477591549
2024-12-11,707791,0,1,0,12,50,346,17.64689969330809
2024-12-12,731514,0,1,0,12,50,347,15.316203797412708
2024-12-13,672566,0,1,0,12,50,348,19.101307721073724
2024-12-14,300675,1,0,0,12,50,349,17.516888807008925
2024-12-15,184646,1,0,0,12,50,350,15.905839737028112
2024-12-16,678309,0,1,0,12,51,351,20.011335212880205
2024-12-17,714239,0,1,0,12,51,352,16.004384953281033
2024-12-18,700215,0,1,0,12,51,353,18.163562472432496
2024-12-19,757189,0,1,0,12,51,354,17.63665726050931
2024-12-20,733422,0,1,0,12,51,355,19.277425513677642
2024-12-21,371520,1,0,0,12,51,356,19.80393115428509
2024-12-22,198746,1,0,0,12,51,357,17.646236400504783
2024-12-23,649439,0,1,0,12,52,358,16.604343759794958
2024-12-24,206496,0,1,0,12,52,359,18.5603033678605
2024-12-25,74735,0,1,1,12,52,360,16.989240624117798
2024-12-26,568038,0,1,0,12,52,361,21.160916870238857
2024-12-27,576714,0,1,0,12,52,362,18.480175100657423
2024-12-28,278110,1,0,0,12,52,363,17.861399801079454
2024-12-29,149024,1,0,0,12,52,364,18.819846819726845
2024-12-30,524565,0,1,0,12,1,365,16.65497582597831
2024-12-31,175352,0,1,0,12,1,366,17.350438405278872
2025-01-01,61285,0,1,1,1,1,1,20.73999065916695
2025-01-02,466950,0,1,0,1,1,2,18.08481587508182
2025-01-03,495769,0,1,0,1,1,3,17.62981672272999
2025-01-04,249488,1,0,0,1,1,4,20.13438810620189
2025-01-05,138887,1,0,0,1,1,5,21.23635257511989
2025-01-06,527406,0,1,0,1,2,6,20.663737215946437
2025-01-07,536033,0,1,0,1,2,7,21.20597544235651
2025-01-08,682910,0,1,0,1,2,8,18.70235618804434
2025-01-09,535625,0,1,0,1,2,9,17.829488740290678
2025-01-10,500322,0,1,0,1,2,10,22.337835211856508
2025-01-11,243771,1,0,0,1,2,11,19.72438240895959
2025-01-12,131390,1,0,0,1,2,12,19.95362119624372
2025-01-13,495771,0,1,0,1,3,13,22.44249561405341
2025-01-14,521507,0,1,0,1,3,14,21.403712564917804
2025-01-15,502956,0,1,0,1,3,15,21.37115651704681
2025-01-16,480967,0,1,0,1,3,16,24.05154488965804
2025-01-17,467885,0,1,0,1,3,17,19.954205159770734
2025-01-18,226215,1,0,0,1,3,18,22.425374242450786
2025-01-19,104790,1,0,0,1,3,19,21.23192187497604
2025-01-20,498955,0,1,0,1,4,20,21.660701913980972
2025-01-21,530839,0,1,0,1,4,21,23.660517600539805
2025-01-22,505871,0,1,0,1,4,22,22.238127621961347
2025-01-23,476090,0,1,0,1,4,23,22.39090252569586
2025-01-24,467316,0,1,0,1,4,24,23.297797494244566
2025-01-25,239757,1,0,0,1,4,25,21.245647851623886
2025-01-26,130139,1,0,0,1,4,26,20.636734449655037
2025-01-27,484355,0,1,0,1,5,27,20.42920834675779
2025-01-28,465225,0,1,0,1,5,28,19.14613173234915
2025-01-29,532623,0,1,0,1,5,29,25.27756367316468
2025-01-30,522380,0,1,0,1,5,30,20.63433975778479
2025-01-31,508854,0,1,0,1,5,31,22.05145574833322
2025-02-01,340138,1,0,0,2,5,32,22.060556751739067
2025-02-02,120152,1,0,0,2,5,33,23.027556514542134
2025-02-03,492796,0,1,0,2,6,34,23.87892443388045
2025-02-04,531911,0,1,0,2,6,35,24.03307704110582
2025-02-05,459079,0,1,0,2,6,36,21.95294909620079
2025-02-06,599129,0,1,0,2,6,37,22.660206134717786
2025-02-07,552952,0,1,0,2,6,38,23.416182397791346
2025-02-08,350760,1,0,0,2,6,39,22.698775737143983
2025-02-09,143527,1,0,0,2,6,40,25.560383374956455
2025-02-10,519923,0,1,0,2,7,41,23.9614096725332
2025-02-11,525084,0,1,0,2,7,42,24.400853411294946
2025-02-12,605023,0,1,0,2,7,43,24.364433569207538
2025-02-13,607179,0,1,0,2,7,44,25.199861624064756
2025-02-14,557227,0,1,0,2,7,45,23.778665979209496
2025-02-15,266452,1,0,0,2,7,46,21.62729215761314
2025-02-16,140442,1,0,0,2,7,47,24.23538269930534
2025-02-17,566253,0,1,0,2,8,48,22.720011616530204
2025-02-18,609223,0,1,0,2,8,49,22.963185479796447
2025-02-19,603677,0,1,0,2,8,50,24.692569933615307
2025-02-20,611805,0,1,0,2,8,51,25.725194908883523
2025-02-21,548282,0,1,0,2,8,52,23.95224083373767
2025-02-22,249400,1,0,0,2,8,53,24.43394734948184
2025-02-23,133246,1,0,0,2,8,54,26.57217088048802
2025-02-24,561133,0,1,0,2,9,55,24.425900868649983
2025-02-25,618111,0,1,0,2,9,56,28.01097680163182
2025-02-26,617133,0,1,0,2,9,57,24.998143081182565
2025-02-27,637366,0,1,0,2,9,58,21.547894132244675
2025-02-28,575434,0,1,0,2,9,59,25.355931932895633
2025-03-01,278226,1,0,1,3,9,60,24.832248952136226
2025-03-02,136688,1,0,1,3,9,61,26.227432772503477
2025-03-03,138479,0,1,0,3,10,62,25.33255875895019
2025-03-04,170588,0,1,0,3,10,63,24.142767786197215
2025-03-05,503665,0,1,0,3,10,64,22.539343179582687
2025-03-06,609944,0,1,0,3,10,65,24.085260653222853
2025-03-07,603659,0,1,0,3,10,66,23.143679279384873
2025-03-08,367990,1,0,0,3,10,67,23.566992500636374
2025-03-09,173575,1,0,0,3,10,68,25.33661086178253
2025-03-10,685753,0,1,0,3,11,69,26.97220872570454
2025-03-11,703400,0,1,0,3,11,70,25.070607079599718
2025-03-12,718431,0,1,0,3,11,71,22.69365877619174
2025-03-13,720276,0,1,0,3,11,72,25.160904092247677
2025-03-14,693376,0,1,0,3,11,73,26.293095245807606
2025-03-15,325601,1,0,0,3,11,74,23.58525156141045
2025-03-16,168336,1,0,0,3,11,75,24.298307519228526
2025-03-17,679236,0,1,0,3,12,76,24.518402537592653
2025-03-18,694929,0,1,0,3,12,77,23.31369025505691
2025-03-19,721975,0,1,0,3,12,78,25.455757937688926
2025-03-20,769820,0,1,0,3,12,79,24.29184899112169
2025-03-21,712837,0,1,0,3,12,80,25.090141154666124
2025-03-22,311431,1,0,0,3,12,81,23.114816527436165
2025-03-23,151819,1,0,0,3,12,82,23.77272506146252
2025-03-24,298621,0,1,1,3,13,83,25.49299275860038
2025-03-25,776474,0,1,0,3,13,84,23.828335471572995
2025-03-26,778738,0,1,0,3,13,85,26.953858192689964
2025-03-27,771637,0,1,0,3,13,86,23.737455254742024
2025-03-28,707511,0,1,0,3,13,87,24.645111493686773
2025-03-29,330769,1,0,0,3,13,88,25.675831820842134
2025-03-30,159453,1,0,0,3,13,89,22.11595366479297
2025-03-31,736887,0,1,0,3,14,90,21.56655117054203
2025-04-01,802341,0,1,0,4,14,91,21.881258064043234
2025-04-02,217311,0,1,1,4,14,92,26.023324128184345
2025-04-03,818558,0,1,0,4,14,93,23.259105421258703
2025-04-04,764508,0,1,0,4,14,94,27.879388075625755
2025-04-05,346336,1,0,0,4,14,95,23.14867937237737
2025-04-06,197930,1,0,0,4,14,96,24.222618403099386
2025-04-07,755134,0,1,0,4,15,97,26.207490706396563
2025-04-08,1015446,0,1,0,4,15,98,26.84980834071383
2025-04-09,770421,0,1,0,4,15,99,26.877092405708336
2025-04-10,66,0,1,0,4,15,100,25.5393957644872
2025-04-11,753431,0,1,0,4,15,101,25.202808114596465
2025-04-12,366448,1,0,0,4,15,102,24.493249004837736
2025-04-13,206184,1,0,0,4,15,103,24.707639246038244
2025-04-14,790875,0,1,0,4,16,104,22.646871975181767
2025-04-15,824515,0,1,0,4,16,105,22.17783869926584
2025-04-16,820519,0,1,0,4,16,106,23.329515671882184
2025-04-17,352614,0,1,0,4,16,107,23.006715525037112
2025-04-18,232255,0,1,0,4,16,108,22.507561761358186
2025-04-19,305233,1,0,0,4,16,109,24.155414760976353
2025-04-20,175230,1,0,0,4,16,110,24.465262224423117
2025-04-21,768937,0,1,0,4,17,111,23.08444990000534
2025-04-22,802079,0,1,0,4,17,112,25.085758031843813
2025-04-23,811502,0,1,0,4,17,113,21.072665169429474
2025-04-24,842518,0,1,0,4,17,114,22.40858314201675
2025-04-25,812250,0,1,0,4,17,115,21.53587542142014
2025-04-26,379361,1,0,0,4,17,116,19.721529694646485
2025-04-27,195253,1,0,0,4,17,117,22.305755058024726
2025-04-28,781207,0,1,0,4,18,118,22.153839170116967
2025-04-29,830122,0,1,0,4,18,119,24.511589924270908
2025-04-30,854583,0,1,0,4,18,120,23.09088640768959
2025-05-01,170226,0,1,1,5,18,121,20.509969578602032
2025-05-02,405823,0,1,0,5,18,122,24.72732612531742
2025-05-03,358294,1,0,0,5,18,123,23.676061456996305
2025-05-04,184331,1,0,0,5,18,124,22.614397412875615
2025-05-05,753913,0,1,0,5,19,125,21.296711557617776
2025-05-06,804825,0,1,0,5,19,126,20.09094366168145
2025-05-07,831087,0,1,0,5,19,127,20.863966635600065
2025-05-08,1076335,0,1,0,5,19,128,22.946115435355665
2025-05-09,817283,0,1,0,5,19,129,24.029161477241683
2025-05-10,403867,1,0,0,5,19,130,23.405043435642895
2025-05-11,217957,1,0,0,5,19,131,20.24343996660199
2025-05-12,798755,0,1,0,5,20,132,19.18249735839171
2025-05-13,821226,0,1,0,5,20,133,20.957169755662292
2025-05-14,814279,0,1,0,5,20,134,17.975840079782547
2025-05-15,822861,0,1,0,5,20,135,20.994686078843408
2025-05-16,671244,0,1,0,5,20,136,20.168777777421525
2025-05-17,249175,1,0,0,5,20,137,19.570221308588533
2025-05-18,208727,1,0,0,5,20,138,17.755198947167496
2025-05-19,773783,0,1,0,5,21,139,20.79455043465853
2025-05-20,823968,0,1,0,5,21,140,19.100951460263563
2025-05-21,805093,0,1,0,5,21,141,18.01997241695954
2025-05-22,821516,0,1,0,5,21,142,15.340328893329268
2025-05-23,743005,0,1,0,5,21,143,19.4803913640558
2025-05-24,375324,1,0,0,5,21,144,22.052087240842773
2025-05-25,199173,1,0,1,5,21,145,21.756787323187666
2025-05-26,736647,0,1,0,5,22,146,18.44962347291686
2025-05-27,728619,0,1,0,5,22,147,18.101538236943945
2025-05-28,815753,0,1,0,5,22,148,19.576863938300463
2025-05-29,804031,0,1,0,5,22,149,17.2442672428113
2025-05-30,772809,0,1,0,5,22,150,19.062011791553267
2025-05-31,366438,1,0,0,5,22,151,19.62529786142451
2025-06-01,195959,1,0,0,6,22,152,20.18284519767138
2025-06-02,777390,0,1,0,6,23,153,18.057936208798438
2025-06-03,812827,0,1,0,6,23,154,17.767872493083193
2025-06-04,855492,0,1,0,6,23,155,16.621158805669662
2025-06-05,843008,0,1,0,6,23,156,16.562135572448355
2025-06-06,805015,0,1,0,6,23,157,17.326675237506723
2025-06-07,386927,1,0,0,6,23,158,18.081033679844932
2025-06-08,448569,1,0,0,6,23,159,18.763648996323425
2025-06-09,805162,0,1,0,6,24,160,16.051525572517104
2025-06-10,858160,0,1,0,6,24,161,19.358124687306994
2025-06-11,832061,0,1,0,6,24,162,16.57502081736247
2025-06-12,843346,0,1,0,6,24,163,16.812126922513603
2025-06-13,795145,0,1,0,6,24,164,15.585730003095344
2025-06-14,342724,1,0,0,6,24,165,12.932495584700117
2025-06-15,195282,1,0,0,6,24,166,17.757212119432094
2025-06-16,202552,0,1,0,6,25,167,17.39871832382159
2025-06-17,822394,0,1,0,6,25,168,15.733830800286468
2025-06-18,827346,0,1,0,6,25,169,16.118779856910972
2025-06-19,876938,0,1,0,6,25,170,16.65481699268843
2025-06-20,286899,0,1,1,6,25,171,13.39988721613261
2025-06-21,368368,1,0,1,6,25,172,14.813148927006996
2025-06-22,180744,1,0,0,6,25,173,16.661411599812094
2025-06-23,739852,0,1,0,6,26,174,13.452172289887159
2025-06-24,789909,0,1,0,6,26,175,15.637880794741816
2025-06-25,819247,0,1,0,6,26,176,13.026994607260434
2025-06-26,809676,0,1,0,6,26,177,15.626261855301696
2025-06-27,770802,0,1,0,6,26,178,14.7383704530354
2025-06-28,385075,1,0,0,6,26,179,12.234856914296863
2025-06-29,186569,1,0,0,6,26,180,16.270931587838273
2025-06-30,748443,0,1,0,6,27,181,13.288788692978873
2025-07-01,771450,0,1,0,7,27,182,13.042775942884706
2025-07-02,794225,0,1,0,7,27,183,14.427151241658505
2025-07-03,791118,0,1,0,7,27,184,15.71809969665645
2025-07-04,799891,0,1,0,7,27,185,12.340999413736185
2025-07-05,424028,1,0,0,7,27,186,13.82762127340609
2025-07-06,228610,1,0,0,7,27,187,14.24951490465772
2025-07-07,793001,0,1,0,7,28,188,14.517994689263004
2025-07-08,1092665,0,1,0,7,28,189,13.615940119664113
2025-07-09,240990,0,1,1,7,28,190,12.674610570850056
2025-07-10,855432,0,1,0,7,28,191,11.858611949270506
2025-07-11,822118,0,1,0,7,28,192,13.105065549765596
2025-07-12,420351,1,0,0,7,28,193,11.244537933953945
2025-07-13,223999,1,0,0,7,28,194,8.34869821336718
2025-07-14,775332,0,1,0,7,29,195,13.264658049366961
2025-07-15,821782,0,1,0,7,29,196,13.845967754063098
2025-07-16,742465,0,1,0,7,29,197,8.827102218560434
2025-07-17,866757,0,1,0,7,29,198,10.73956355763962
2025-07-18,808169,0,1,0,7,29,199,13.066807883182609
2025-07-19,420419,1,0,0,7,29,200,15.109529105286136
2025-07-20,261278,1,0,0,7,29,201,11.941012418278541
2025-07-21,694663,0,1,0,7,30,202,10.70571356981652
2025-07-22,726372,0,1,0,7,30,203,11.412662832543347
2025-07-23,748261,0,1,0,7,30,204,13.640037829015668
2025-07-24,737403,0,1,0,7,30,205,10.500951214546514
2025-07-25,671584,0,1,0,7,30,206,10.164774284132108
2025-07-26,394122,1,0,0,7,30,207,10.534633859054294
2025-07-27,227129,1,0,0,7,30,208,9.725496173903668
2025-07-28,657959,0,1,0,7,31,209,11.23781819817605
2025-07-29,708404,0,1,0,7,31,210,13.390767872608532
2025-07-30,716024,0,1,0,7,31,211,11.339950028816615
2025-07-31,700626,0,1,0,7,31,212,10.38005443740289
2025-08-01,392079,0,1,0,8,31,213,10.225822663934784
2025-08-02,290559,1,0,0,8,31,214,8.225437700166252
2025-08-03,160584,1,0,0,8,31,215,11.803330045464698
2025-08-04,443970,0,1,0,8,32,216,10.272135302156464
2025-08-05,551167,0,1,0,8,32,217,10.03020779867773
2025-08-06,559437,0,1,0,8,32,218,15.00446251113759
2025-08-07,585217,0,1,0,8,32,219,10.578666452287601
2025-08-08,786551,0,1,0,8,32,220,8.920473854289666
2025-08-09,295460,1,0,0,8,32,221,9.32815919412436
2025-08-10,158659,1,0,0,8,32,222,11.61183497400386
2025-08-11,534221,0,1,0,8,33,223,9.982501780457559
2025-08-12,581986,0,1,0,8,33,224,7.580590573699456
2025-08-13,586626,0,1,0,8,33,225,11.044266043864187
2025-08-14,606983,0,1,0,8,33,226,8.592646847292231
2025-08-15,301240,0,1,0,8,33,227,12.336296114651745
2025-08-16,263031,1,0,0,8,33,228,11.07997446678369
2025-08-17,145981,1,0,1,8,33,229,8.724558575475934
2025-08-18,541857,0,1,0,8,34,230,11.254810216723406
2025-08-19,461718,0,1,0,8,34,231,9.374936847193627
2025-08-20,530073,0,1,0,8,34,232,10.49432347192961
2025-08-21,599696,0,1,0,8,34,233,9.886430217466563
2025-08-22,565808,0,1,0,8,34,234,7.836139239968957
2025-08-23,284587,1,0,0,8,34,235,8.088883803219973
2025-08-24,155203,1,0,0,8,34,236,10.549890456008285
2025-08-25,548992,0,1,0,8,35,237,8.45574785471683
2025-08-26,569689,0,1,0,8,35,238,8.30763466503964
2025-08-27,569327,0,1,0,8,35,239,7.437868157932406
2025-08-28,580669,0,1,0,8,35,240,9.46565606249183
2025-08-29,557040,0,1,0,8,35,241,11.886022990351528
2025-08-30,263415,1,0,0,8,35,242,7.155198364426073
2025-08-31,91394,1,0,0,8,35,243,8.75938361197665
2025-09-01,722820,0,1,0,9,36,244,10.810246428064195
2025-09-02,814191,0,1,0,9,36,245,8.543628379967512
2025-09-03,833737,0,1,0,9,36,246,9.315145278534743
2025-09-04,847249,0,1,0,9,36,247,7.018824508069038
2025-09-05,792041,0,1,0,9,36,248,9.233039923952756
2025-09-06,375094,1,0,0,9,36,249,8.29037109054554
2025-09-07,181392,1,0,0,9,36,250,10.032540199380477
2025-09-08,880059,0,1,0,9,37,251,10.320236588541547
2025-09-09,825102,0,1,0,9,37,252,12.41107424899456
2025-09-10,830974,0,1,0,9,37,253,9.386112472897224
2025-09-11,800691,0,1,0,9,37,254,8.99765675019298
2025-09-12,753951,0,1,0,9,37,255,8.795206206867144
2025-09-13,367781,1,0,0,9,37,256,7.970917291546065
2025-09-14,198463,1,0,0,9,37,257,9.007799847303016
2025-09-15,777748,0,1,0,9,38,258,8.058749868952328
2025-09-16,813304,0,1,0,9,38,259,8.758691374486952
2025-09-17,860357,0,1,0,9,38,260,10.488912934167423
2025-09-18,814107,0,1,0,9,38,261,7.011586367215292
2025-09-19,727008,0,1,0,9,38,262,10.242465872516135
2025-09-20,314523,1,0,0,9,38,263,10.521929345858181
2025-09-21,205542,1,0,0,9,38,264,8.385119534169924
2025-09-22,777897,0,1,0,9,39,265,5.397757690788281
2025-09-23,804205,0,1,0,9,39,266,7.6894714802064605
2025-09-24,768971,0,1,0,9,39,267,10.56970128582492
2025-09-25,805370,0,1,0,9,39,268,8.6152461443788
2025-09-26,755274,0,1,0,9,39,269,7.1782599195123815
2025-09-27,313843,1,0,0,9,39,270,7.950033976778306
2025-09-28,211686,1,0,0,9,39,271,10.000418664944767
2025-09-29,736193,0,1,0,9,40,272,9.59418085106323
2025-09-30,803507,0,1,0,9,40,273,8.452563580267043
2025-10-01,806624,0,1,0,10,40,274,8.299884769542722
2025-10-02,776537,0,1,0,10,40,275,8.303910646073046
2025-10-03,786421,0,1,0,10,40,276,7.551613623835101
2025-10-04,373105,1,0,0,10,40,277,11.404215070669002
2025-10-05,168691,1,0,0,10,40,278,8.54582146559958
2025-10-06,768341,0,1,0,10,41,279,10.905404312604661
2025-10-07,750128,0,1,0,10,41,280,11.4142037761506
2025-10-08,856022,0,1,0,10,41,281,10.684442441739257
2025-10-09,833270,0,1,0,10,41,282,8.596459028501837
2025-10-10,292454,0,1,0,10,41,283,9.908548178286972
2025-10-11,342974,1,0,0,10,41,284,9.327855818737229
2025-10-12,177282,1,0,1,10,41,285,8.0719071293579
2025-10-13,755919,0,1,0,10,42,286,9.97940528142846
2025-10-14,786367,0,1,0,10,42,287,7.79178947542352
2025-10-15,795645,0,1,0,10,42,288,11.411407416485918
2025-10-16,800569,0,1,0,10,42,289,9.004537321832165
2025-10-17,770294,0,1,0,10,42,290,10.076792238733423
2025-10-18,375735,1,0,0,10,42,291,10.275566796392754
2025-10-19,185396,1,0,0,10,42,292,9.539830113024557
2025-10-20,736495,0,1,0,10,43,293,10.887728230154025
2025-10-21,753899,0,1,0,10,43,294,9.376755809668799
2025-10-22,780818,0,1,0,10,43,295,11.479380692131642
2025-10-23,805452,0,1,0,10,43,296,8.238663671063664
2025-10-24,667198,0,1,0,10,43,297,10.53425075424812
2025-10-25,276236,1,0,0,10,43,298,13.341947030758913
2025-10-26,193026,1,0,0,10,43,299,9.023726311519194
2025-10-27,727323,0,1,0,10,44,300,9.600046360500816
2025-10-28,785023,0,1,0,10,44,301,11.481709468121068
2025-10-29,774228,0,1,0,10,44,302,11.07611969465519
2025-10-30,774460,0,1,0,10,44,303,11.430278532497152
2025-10-31,756810,0,1,0,10,44,304,11.737358557432145
2025-11-01,448460,1,0,0,11,44,305,12.056533252179095
2025-11-02,187821,1,0,0,11,44,306,12.871472816996087
2025-11-03,747737,0,1,0,11,45,307,11.925691497112913
2025-11-04,753917,0,1,0,11,45,308,11.054655110950781
2025-11-05,795564,0,1,0,11,45,309,12.532486564277146
2025-11-06,778004,0,1,0,11,45,310,14.482007941421823
2025-11-07,752269,0,1,0,11,45,311,11.543235884740016
2025-11-08,536957,1,0,0,11,45,312,10.391803855363609
2025-11-09,190242,1,0,0,11,45,313,13.627006953601516
2025-11-10,743163,0,1,0,11,46,314,11.899945748728616
2025-11-11,782916,0,1,0,11,46,315,8.93695430867254
2025-11-12,778491,0,1,0,11,46,316,13.583807656801241
2025-11-13,790537,0,1,0,11,46,317,11.627640170252263
2025-11-14,733535,0,1,0,11,46,318,12.413995675263944
2025-11-15,373463,1,0,0,11,46,319,13.168099774927216
2025-11-16,181668,1,0,0,11,46,320,13.077347352445788
2025-11-17,740895,0,1,0,11,47,321,13.978342991785267
2025-11-18,773124,0,1,0,11,47,322,12.38456570374175
2025-11-19,782917,0,1,0,11,47,323,13.932109876365574
2025-11-20,764807,0,1,0,11,47,324,12.898776069976346
2025-11-21,369986,0,1,0,11,47,325,14.522908471382374
2025-11-22,351478,1,0,1,11,47,326,14.465254882894195
2025-11-23,205255,1,0,0,11,47,327,12.26743296952213
2025-11-24,214872,0,1,0,11,48,328,15.428789977509632
2025-11-25,742178,0,1,0,11,48,329,13.12589753879
2025-11-26,745160,0,1,0,11,48,330,15.272716900171416
2025-11-27,748078,0,1,0,11,48,331,14.743071507057117
2025-11-28,713729,0,1,0,11,48,332,17.08161025491984
2025-11-29,297167,1,0,0,11,48,333,14.121974665512695
2025-11-30,158182,1,0,0,11,48,334,14.066642677775096
2025-12-01,692044,0,1,0,12,49,335,14.695498487135067
2025-12-02,745412,0,1,0,12,49,336,14.404394326799618
2025-12-03,738687,0,1,0,12,49,337,16.194099174167103
2025-12-04,743857,0,1,0,12,49,338,12.705188933893304
2025-12-05,714263,0,1,0,12,49,339,13.685005805966192
2025-12-06,363204,1,0,0,12,49,340,13.800065440725088
2025-12-07,204639,1,0,0,12,49,341,16.963797028765562
2025-12-08,467258,0,1,1,12,50,342,18.241106479293396
2025-12-09,734205,0,1,0,12,50,343,15.655607782294204
2025-12-10,764667,0,1,0,12,50,344,15.696348000796405
2025-12-11,763188,0,1,0,12,50,345,16.19212090688372
2025-12-12,720754,0,1,0,12,50,346,17.967444560930318
2025-12-13,362007,1,0,0,12,50,347,14.971263449467427
2025-12-14,186386,1,0,0,12,50,348,16.85755347410217
2025-12-15,719452,0,1,0,12,51,349,18.100503293920333
2025-12-16,747126,0,1,0,12,51,350,17.527014147891716
2025-12-17,770147,0,1,0,12,51,351,17.197329762684152
2025-12-18,781717,0,1,0,12,51,352,18.551988553269272
2025-12-19,740772,0,1,0,12,51,353,13.132869950400686
2025-12-20,369626,1,0,0,12,51,354,18.341626558875834
2025-12-21,210588,1,0,0,12,51,355,16.480550834503646
2025-12-22,721163,0,1,0,12,52,356,14.852280831621417
2025-12-23,692692,0,1,0,12,52,357,18.501274464601728
2025-12-24,229127,0,1,0,12,52,358,19.930832971196235
2025-12-25,78816,0,1,1,12,52,359,17.799640906804417
2025-12-26,497088,0,1,0,12,52,360,19.57014781975336
2025-12-27,259457,1,0,0,12,52,361,20.693789491016283
2025-12-28,145236,1,0,0,12,52,362,20.38175380842366
2025-12-29,555125,0,1,0,12,1,363,21.002773154986595
2025-12-30,523682,0,1,0,12,1,364,19.788856496880662
2025-12-31,175978,0,1,0,12,1,365,18.921009921397264
